"FileName","Status","Path","Hash","SizeBytes","LastWrite"
".dockerignore","DIFFERENT","C:\Users\Future\chargeguard-woocommerce-backend\.dockerignore","B4455EE383BBB934DB99FCF257E3CC7DB278D708CBF6063CE08243F4B9E58054","143","4/18/2026 5:36:19 PM"
".dockerignore","DIFFERENT","C:\Users\Future\chargeguard-woocommerce-backend\chargeguard-space\.dockerignore","D337969C29E4AE454CD8EC7AC24C02B810294C82B8389427AC544A5B50CCA8BB","158","5/11/2026 1:36:07 AM"
".env","IDENTICAL","C:\Users\Future\chargeguard-woocommerce-backend\.env","D4931568A6B75D86B98AE538A9714557F9980CC3DF45D5EBA8B4423C18C14E6A","700","5/22/2026 7:48:10 PM"
".env","IDENTICAL","C:\Users\Future\chargeguard-woocommerce-backend\chargeguard-space\.env","D4931568A6B75D86B98AE538A9714557F9980CC3DF45D5EBA8B4423C18C14E6A","700","7/8/2026 8:44:21 PM"
".env.example","IDENTICAL","C:\Users\Future\chargeguard-woocommerce-backend\.env.example","E84751C827D12D4CDC235E2AACCC50CBD1A642011B09170DC5F4CC263D3F1345","3508","5/11/2026 2:08:29 PM"
".env.example","IDENTICAL","C:\Users\Future\chargeguard-woocommerce-backend\chargeguard-space\.env.example","E84751C827D12D4CDC235E2AACCC50CBD1A642011B09170DC5F4CC263D3F1345","3508","7/8/2026 8:44:21 PM"
".gitignore","DIFFERENT","C:\Users\Future\chargeguard-woocommerce-backend\.gitignore","55F91B2557D25383DA4289240A8DDDD35508BA4D039564503807E43C358F25EB","494","7/8/2026 8:21:26 PM"
".gitignore","DIFFERENT","C:\Users\Future\chargeguard-woocommerce-backend\chargeguard-space\.gitignore","FE705936C8EF5C3ACD24E00B7F5BD7AAAD02C5FDD63658671D94A2A652D1E8EE","152","7/8/2026 8:46:06 PM"
".gitignore","DIFFERENT","C:\Users\Future\chargeguard-woocommerce-backend\chargeguard-space\woocommerce-chargeguard\vendor\stripe-php\.gitignore","C1C10FC0E0FF398FFBCC9F4FF875DA77F5F58373D5D230F39B089794E39762FF","723","7/8/2026 8:44:21 PM"
".gitignore","DIFFERENT","C:\Users\Future\chargeguard-woocommerce-backend\woocommerce-chargeguard\vendor\stripe-php\.gitignore","C1C10FC0E0FF398FFBCC9F4FF875DA77F5F58373D5D230F39B089794E39762FF","723","5/11/2026 2:10:35 PM"
"attack-simulation.js","IDENTICAL","C:\Users\Future\chargeguard-woocommerce-backend\attack-simulation.js","E3F22E307A5BDB15C5285E4819CE0727A0B97846DA3137E18AC561DCAF857EB5","6489","5/11/2026 2:08:29 PM"
"attack-simulation.js","IDENTICAL","C:\Users\Future\chargeguard-woocommerce-backend\chargeguard-space\attack-simulation.js","E3F22E307A5BDB15C5285E4819CE0727A0B97846DA3137E18AC561DCAF857EB5","6489","7/8/2026 8:44:21 PM"
"blackbox.yml","DIFFERENT","C:\Users\Future\chargeguard-woocommerce-backend\blackbox.yml","C5D09EBEDD197DCEAA359EF37DEE1A9A38141E8EBED6EEB390C9C9CA54607B0F","130","4/18/2026 11:13:59 PM"
"blackbox.yml","DIFFERENT","C:\Users\Future\chargeguard-woocommerce-backend\chargeguard-space\blackbox.yml","21AF2ACF6A82F65BF1BB04BF000CA8D953D2E13AE1ACC0B49944720E980ACB6C","137","5/11/2026 1:36:07 AM"
"calc-signature.js","DIFFERENT","C:\Users\Future\chargeguard-woocommerce-backend\calc-signature.js","035A934E64F1D3F403F59FFD038F524C91909FD0718342EC14B49C618A4F480E","1136","5/11/2026 2:08:29 PM"
"calc-signature.js","DIFFERENT","C:\Users\Future\chargeguard-woocommerce-backend\chargeguard-space\calc-signature.js","1251F63BB3F9F1131F78584829CE2F4BED523DB4EB56E7A36577605B2F98EFD4","661","7/8/2026 8:46:06 PM"
"carding-test.js","DIFFERENT","C:\Users\Future\chargeguard-woocommerce-backend\carding-test.js","C1D40DCE4C46644BB21C4DB5895EDF7C1F7B9D94E1BE242909CE9348BD708307","2412","5/11/2026 2:08:29 PM"
"carding-test.js","DIFFERENT","C:\Users\Future\chargeguard-woocommerce-backend\chargeguard-space\carding-test.js","B08AB3BE005397F7DB2BF1A0C58D98F76A3DC8BAFF6741CF72C47A85F63D5E81","2347","7/8/2026 8:46:06 PM"
"check_template.py","IDENTICAL","C:\Users\Future\chargeguard-woocommerce-backend\check_template.py","E7FC8CB268E38F2B00C53DA8DEB1F2AF27329D317083EACF7F16DE96B0BBC079","141","5/11/2026 2:08:29 PM"
"check_template.py","IDENTICAL","C:\Users\Future\chargeguard-woocommerce-backend\chargeguard-space\check_template.py","E7FC8CB268E38F2B00C53DA8DEB1F2AF27329D317083EACF7F16DE96B0BBC079","141","7/8/2026 8:44:21 PM"
"current-openapi.json","IDENTICAL","C:\Users\Future\chargeguard-woocommerce-backend\current-openapi.json","A7947486ECE9450D6580AB8F68BF2428369971D36E191CD02B8137EB5D24CD2B","5777","5/11/2026 2:08:30 PM"
"current-openapi.json","IDENTICAL","C:\Users\Future\chargeguard-woocommerce-backend\chargeguard-space\current-openapi.json","A7947486ECE9450D6580AB8F68BF2428369971D36E191CD02B8137EB5D24CD2B","5777","7/8/2026 8:44:21 PM"
"deploy.ps1","DIFFERENT","C:\Users\Future\chargeguard-woocommerce-backend\deploy.ps1","C49D9C0120C7C0FD2CB17652B941F03E57BC3A065C31F22C3B059241882BC3AC","579","5/23/2026 10:31:23 AM"
"deploy.ps1","DIFFERENT","C:\Users\Future\chargeguard-woocommerce-backend\chargeguard-space\deploy.ps1","E384F74A007A4C327CB84519FDFE2B2C70F939B15CB873BDD2F799F93D4F5F64","593","7/8/2026 8:44:21 PM"
"docker-compose.prod.yml","DIFFERENT","C:\Users\Future\chargeguard-woocommerce-backend\docker-compose.prod.yml","79AACB08D700F20EB29382256D74DADA9FD42A85416110AFDFEE4E53289122A9","5850","5/11/2026 2:08:30 PM"
"docker-compose.prod.yml","DIFFERENT","C:\Users\Future\chargeguard-woocommerce-backend\chargeguard-space\docker-compose.prod.yml","C4106514663A72CB18343ECAAAB047C588DA507C6E41FA47EC006F010547A952","5081","7/8/2026 8:46:06 PM"
"docker-compose.test.yml","IDENTICAL","C:\Users\Future\chargeguard-woocommerce-backend\docker-compose.test.yml","B1DEAB939C6A02B5D936D071DD56BB67E57C665E90BB93A5155E30FE697C4380","835","5/11/2026 2:08:30 PM"
"docker-compose.test.yml","IDENTICAL","C:\Users\Future\chargeguard-woocommerce-backend\chargeguard-space\docker-compose.test.yml","B1DEAB939C6A02B5D936D071DD56BB67E57C665E90BB93A5155E30FE697C4380","835","7/8/2026 8:44:21 PM"
"docker-compose.wordpress.yml","IDENTICAL","C:\Users\Future\chargeguard-woocommerce-backend\docker-compose.wordpress.yml","CF8856D91F527E19EDFD69D5374CD1D492B9981EA2274EE4006FC348167EFE00","613","5/11/2026 2:08:30 PM"
"docker-compose.wordpress.yml","IDENTICAL","C:\Users\Future\chargeguard-woocommerce-backend\chargeguard-space\docker-compose.wordpress.yml","CF8856D91F527E19EDFD69D5374CD1D492B9981EA2274EE4006FC348167EFE00","613","7/8/2026 8:44:21 PM"
"docker-compose.yml","DIFFERENT","C:\Users\Future\chargeguard-woocommerce-backend\docker-compose.yml","80A338DC00400709C87C4DCA8A5C9FB59305EF5A775C4783D198C3023198FF31","1956","4/18/2026 5:39:03 PM"
"docker-compose.yml","DIFFERENT","C:\Users\Future\chargeguard-woocommerce-backend\chargeguard-space\docker-compose.yml","6410F2C21D84267EB3A9DC28C2E1C63BFB152008C7883977918C6E3EEE2714DE","2032","5/11/2026 1:36:07 AM"
"Dockerfile","DIFFERENT","C:\Users\Future\chargeguard-woocommerce-backend\Dockerfile","21D7B44006D701B808A47B787CC7A4DF1416D1E9BF165BDEDAB7B6B9FD83BC9F","1604","5/25/2026 10:27:46 PM"
"Dockerfile","DIFFERENT","C:\Users\Future\chargeguard-woocommerce-backend\chargeguard-space\Dockerfile","1C127D84A1375E44EC9DF1DD7067E31E685DAA5F33B442D6F29A0A85936DB633","1503","7/8/2026 8:46:06 PM"
"fix-cap.php","IDENTICAL","C:\Users\Future\chargeguard-woocommerce-backend\fix-cap.php","8373CA2EC2C30BE57631037755EEC5BE0BC76A21D353A8E09031D66805250190","281","5/11/2026 2:08:30 PM"
"fix-cap.php","IDENTICAL","C:\Users\Future\chargeguard-woocommerce-backend\chargeguard-space\fix-cap.php","8373CA2EC2C30BE57631037755EEC5BE0BC76A21D353A8E09031D66805250190","281","7/8/2026 8:44:21 PM"
"fix_403.py","IDENTICAL","C:\Users\Future\chargeguard-woocommerce-backend\fix_403.py","175B5F5228CBB0A5869C6A56F8B3E0D4EB118DD144FE7490EB0221A11BED0751","995","5/11/2026 2:08:30 PM"
"fix_403.py","IDENTICAL","C:\Users\Future\chargeguard-woocommerce-backend\chargeguard-space\fix_403.py","175B5F5228CBB0A5869C6A56F8B3E0D4EB118DD144FE7490EB0221A11BED0751","995","7/8/2026 8:44:21 PM"
"fix_block.py","IDENTICAL","C:\Users\Future\chargeguard-woocommerce-backend\fix_block.py","D68AA19ADDCEEF2D7CC34637AB447E45F8C6568EA40E14497CB9839CB3252219","932","5/11/2026 2:08:30 PM"
"fix_block.py","IDENTICAL","C:\Users\Future\chargeguard-woocommerce-backend\chargeguard-space\fix_block.py","D68AA19ADDCEEF2D7CC34637AB447E45F8C6568EA40E14497CB9839CB3252219","932","7/8/2026 8:44:21 PM"
"fix_block2.py","IDENTICAL","C:\Users\Future\chargeguard-woocommerce-backend\fix_block2.py","8B59828BA4AC67A6AC2C7D68D2F71BEFA1A967DCE7B6274765A136CBA0E229B7","1816","5/11/2026 2:08:30 PM"
"fix_block2.py","IDENTICAL","C:\Users\Future\chargeguard-woocommerce-backend\chargeguard-space\fix_block2.py","8B59828BA4AC67A6AC2C7D68D2F71BEFA1A967DCE7B6274765A136CBA0E229B7","1816","7/8/2026 8:44:21 PM"
"fix_local_template.py","IDENTICAL","C:\Users\Future\chargeguard-woocommerce-backend\fix_local_template.py","A5884EC81703848B0BED44E76A49D53E9C6018AB271AD22BB57E25E5BF5A2CC7","568","5/11/2026 2:08:30 PM"
"fix_local_template.py","IDENTICAL","C:\Users\Future\chargeguard-woocommerce-backend\chargeguard-space\fix_local_template.py","A5884EC81703848B0BED44E76A49D53E9C6018AB271AD22BB57E25E5BF5A2CC7","568","7/8/2026 8:44:21 PM"
"fix_log.py","IDENTICAL","C:\Users\Future\chargeguard-woocommerce-backend\fix_log.py","D550D0FDA1072454FF66E68AEC2E14B3294E1B911F6D5FA1DC435BCEECCB3F83","1182","5/11/2026 2:08:30 PM"
"fix_log.py","IDENTICAL","C:\Users\Future\chargeguard-woocommerce-backend\chargeguard-space\fix_log.py","D550D0FDA1072454FF66E68AEC2E14B3294E1B911F6D5FA1DC435BCEECCB3F83","1182","7/8/2026 8:44:21 PM"
"fix_mysql.py","IDENTICAL","C:\Users\Future\chargeguard-woocommerce-backend\fix_mysql.py","632D38CF37F19F609FEDE872DEA2E0F2FA36DE9D09E559042D20BD70FCDEBE6B","421","5/11/2026 2:08:30 PM"
"fix_mysql.py","IDENTICAL","C:\Users\Future\chargeguard-woocommerce-backend\chargeguard-space\fix_mysql.py","632D38CF37F19F609FEDE872DEA2E0F2FA36DE9D09E559042D20BD70FCDEBE6B","421","7/8/2026 8:44:21 PM"
"fix_mysql2.py","IDENTICAL","C:\Users\Future\chargeguard-woocommerce-backend\fix_mysql2.py","24042FD3C37DFAFD6676A5E57F8521929CCDF55B686CD3049F7AD15775C854FB","415","5/11/2026 2:08:30 PM"
"fix_mysql2.py","IDENTICAL","C:\Users\Future\chargeguard-woocommerce-backend\chargeguard-space\fix_mysql2.py","24042FD3C37DFAFD6676A5E57F8521929CCDF55B686CD3049F7AD15775C854FB","415","7/8/2026 8:44:21 PM"
"fix_mysql_roaming.py","IDENTICAL","C:\Users\Future\chargeguard-woocommerce-backend\fix_mysql_roaming.py","34B63E8A5F0886DEDB85F7C0614BF752F326AF792446CFAD2FEAD2CF5E940342","481","5/11/2026 2:08:30 PM"
"fix_mysql_roaming.py","IDENTICAL","C:\Users\Future\chargeguard-woocommerce-backend\chargeguard-space\fix_mysql_roaming.py","34B63E8A5F0886DEDB85F7C0614BF752F326AF792446CFAD2FEAD2CF5E940342","481","7/8/2026 8:44:21 PM"
"fix_mysql_service.py","IDENTICAL","C:\Users\Future\chargeguard-woocommerce-backend\fix_mysql_service.py","2CD98C8D9232BBB1095C583BAE017F7ECC423733E20B59622B4FE30CAB0A46E7","545","5/11/2026 2:08:30 PM"
"fix_mysql_service.py","IDENTICAL","C:\Users\Future\chargeguard-woocommerce-backend\chargeguard-space\fix_mysql_service.py","2CD98C8D9232BBB1095C583BAE017F7ECC423733E20B59622B4FE30CAB0A46E7","545","7/8/2026 8:44:21 PM"
"fix_port.py","IDENTICAL","C:\Users\Future\chargeguard-woocommerce-backend\fix_port.py","A6311771DC0CFBFD7AF79D0DC67449ED403484015447A06106BE97A9942BFAC5","473","5/11/2026 2:08:30 PM"
"fix_port.py","IDENTICAL","C:\Users\Future\chargeguard-woocommerce-backend\chargeguard-space\fix_port.py","A6311771DC0CFBFD7AF79D0DC67449ED403484015447A06106BE97A9942BFAC5","473","7/8/2026 8:44:21 PM"
"fix_url_new.py","IDENTICAL","C:\Users\Future\chargeguard-woocommerce-backend\fix_url_new.py","9789288BDD44980FF4F513BD2B6834623F5C3602C7ACD13816C58F7A69112360","624","5/11/2026 2:08:30 PM"
"fix_url_new.py","IDENTICAL","C:\Users\Future\chargeguard-woocommerce-backend\chargeguard-space\fix_url_new.py","9789288BDD44980FF4F513BD2B6834623F5C3602C7ACD13816C58F7A69112360","624","7/8/2026 8:44:21 PM"
"fix_wp_pass.py","IDENTICAL","C:\Users\Future\chargeguard-woocommerce-backend\fix_wp_pass.py","0094B2E79FE17336A3E59273AE2850B01FDDAE5958A4878345746417E5A8D015","497","5/11/2026 2:08:30 PM"
"fix_wp_pass.py","IDENTICAL","C:\Users\Future\chargeguard-woocommerce-backend\chargeguard-space\fix_wp_pass.py","0094B2E79FE17336A3E59273AE2850B01FDDAE5958A4878345746417E5A8D015","497","7/8/2026 8:44:21 PM"
"grant-cap.b64","IDENTICAL","C:\Users\Future\chargeguard-woocommerce-backend\grant-cap.b64","CE94D5BC88358B9FDFA8FDB8AFB56DF442DD33FCE2BD2F7BD71D3D40C8CE4AF1","354","5/11/2026 2:10:13 PM"
"grant-cap.b64","IDENTICAL","C:\Users\Future\chargeguard-woocommerce-backend\chargeguard-space\grant-cap.b64","CE94D5BC88358B9FDFA8FDB8AFB56DF442DD33FCE2BD2F7BD71D3D40C8CE4AF1","354","7/8/2026 8:44:21 PM"
"grant-cap.php","IDENTICAL","C:\Users\Future\chargeguard-woocommerce-backend\grant-cap.php","BCD8BEE7546EAFF80B78A688AB1A3E1EF2DAFD48498E4F2B266D9602B463FEA4","204","5/11/2026 2:10:13 PM"
"grant-cap.php","IDENTICAL","C:\Users\Future\chargeguard-woocommerce-backend\chargeguard-space\grant-cap.php","BCD8BEE7546EAFF80B78A688AB1A3E1EF2DAFD48498E4F2B266D9602B463FEA4","204","7/8/2026 8:44:21 PM"
"index.html","IDENTICAL","C:\Users\Future\chargeguard-woocommerce-backend\index.html","24FE1AAD5BEBD7DF578B6536A29181330AE2B7ED3C64D975B97FF8A375EDCFF9","108923","5/23/2026 2:34:25 PM"
"index.html","IDENTICAL","C:\Users\Future\chargeguard-woocommerce-backend\chargeguard-space\index.html","24FE1AAD5BEBD7DF578B6536A29181330AE2B7ED3C64D975B97FF8A375EDCFF9","108923","7/8/2026 8:44:21 PM"
"index.html","IDENTICAL","C:\Users\Future\chargeguard-woocommerce-backend\chargeguard-space\dist\index.html","24FE1AAD5BEBD7DF578B6536A29181330AE2B7ED3C64D975B97FF8A375EDCFF9","108923","7/8/2026 8:44:21 PM"
"index.html","IDENTICAL","C:\Users\Future\chargeguard-woocommerce-backend\dist\index.html","24FE1AAD5BEBD7DF578B6536A29181330AE2B7ED3C64D975B97FF8A375EDCFF9","108923","5/23/2026 2:34:25 PM"
"insert-merchant.js","IDENTICAL","C:\Users\Future\chargeguard-woocommerce-backend\insert-merchant.js","3C6EA707301B79190CA724E370681274BEED36B428A4C9402BD7C01940BF570D","443","5/11/2026 2:10:13 PM"
"insert-merchant.js","IDENTICAL","C:\Users\Future\chargeguard-woocommerce-backend\chargeguard-space\insert-merchant.js","3C6EA707301B79190CA724E370681274BEED36B428A4C9402BD7C01940BF570D","443","7/8/2026 8:44:21 PM"
"jest.config.js","DIFFERENT","C:\Users\Future\chargeguard-woocommerce-backend\jest.config.js","B5986FCA87A1DF6E43B975EC8E42991BECC9A9F5D81F6F45301F8CD6B4FD47FE","193","7/5/2026 5:42:14 PM"
"jest.config.js","DIFFERENT","C:\Users\Future\chargeguard-woocommerce-backend\chargeguard-space\jest.config.js","9AD37317E006D46BAC1005775401FCEBFADA826E1004780EF89DB92667840C6A","368","5/11/2026 1:36:07 AM"
"landing-page.html","IDENTICAL","C:\Users\Future\chargeguard-woocommerce-backend\landing-page.html","F3D21F6966079AB38D0760ECC1FA10AC2EFB160AFDECADFDB647C1E710A15F26","1506","5/11/2026 2:10:13 PM"
"landing-page.html","IDENTICAL","C:\Users\Future\chargeguard-woocommerce-backend\chargeguard-space\landing-page.html","F3D21F6966079AB38D0760ECC1FA10AC2EFB160AFDECADFDB647C1E710A15F26","1506","7/8/2026 8:44:21 PM"
"migration.sql","DIFFERENT","C:\Users\Future\chargeguard-woocommerce-backend\migration.sql","387CE37160A9023B882DA695DA9F7338AFB9260AA58683AC1F9F1433B67DF467","24118","5/11/2026 2:10:13 PM"
"migration.sql","DIFFERENT","C:\Users\Future\chargeguard-woocommerce-backend\chargeguard-space\migration.sql","387CE37160A9023B882DA695DA9F7338AFB9260AA58683AC1F9F1433B67DF467","24118","7/8/2026 8:44:21 PM"
"migration.sql","DIFFERENT","C:\Users\Future\chargeguard-woocommerce-backend\chargeguard-space\prisma\migrations\0000_init\migration.sql","FAFE22222D36DB510759EB1F7F23EE6B290AFF48C564F82AD1B25C6547C092A4","28510","7/8/2026 8:44:21 PM"
"migration.sql","DIFFERENT","C:\Users\Future\chargeguard-woocommerce-backend\chargeguard-space\prisma\migrations\0001_add_registration_attempts\migration.sql","C15D3CAE91E61238F3C46C52371FAD6C777346BA5ADB732BEA7E9D4F37082DDD","316","7/8/2026 8:44:21 PM"
"migration.sql","DIFFERENT","C:\Users\Future\chargeguard-woocommerce-backend\chargeguard-space\prisma\migrations\0002_add_key_rotated_at\migration.sql","1212C50AFB153AEA4A31DD4FD54B06B0F600EF7810961189FEED1F64C293DFC4","77","7/8/2026 8:44:21 PM"
"migration.sql","DIFFERENT","C:\Users\Future\chargeguard-woocommerce-backend\prisma\migrations\0000_init\migration.sql","FAFE22222D36DB510759EB1F7F23EE6B290AFF48C564F82AD1B25C6547C092A4","28510","5/22/2026 7:55:30 PM"
"migration.sql","DIFFERENT","C:\Users\Future\chargeguard-woocommerce-backend\prisma\migrations\0001_add_registration_attempts\migration.sql","C15D3CAE91E61238F3C46C52371FAD6C777346BA5ADB732BEA7E9D4F37082DDD","316","5/24/2026 12:01:28 PM"
"migration.sql","DIFFERENT","C:\Users\Future\chargeguard-woocommerce-backend\prisma\migrations\0002_add_key_rotated_at\migration.sql","C24B9E72DE0A73A67A99F6F3F9DB72167788DC21DB43585BA1EE2D6AB205FCB1","76","5/24/2026 6:07:33 PM"
"mock-woocommerce.js","IDENTICAL","C:\Users\Future\chargeguard-woocommerce-backend\mock-woocommerce.js","A286785BEE5521D05D6007C0E4278969730DCAA27D7EA69531F6EE1E18DB1204","1001","5/11/2026 2:10:13 PM"
"mock-woocommerce.js","IDENTICAL","C:\Users\Future\chargeguard-woocommerce-backend\chargeguard-space\mock-woocommerce.js","A286785BEE5521D05D6007C0E4278969730DCAA27D7EA69531F6EE1E18DB1204","1001","7/8/2026 8:44:21 PM"
"package-lock.json","DIFFERENT","C:\Users\Future\chargeguard-woocommerce-backend\package-lock.json","A6346D381837D44B12FA6132287EB0F594539E4959EAEAC5137CC5DC76A36004","256592","7/5/2026 3:18:26 PM"
"package-lock.json","DIFFERENT","C:\Users\Future\chargeguard-woocommerce-backend\chargeguard-space\package-lock.json","801DF18DA05025606AA7B6F6381D6D28CEDC5B1AA24DB33419D61C72FB176CC0","240583","7/8/2026 8:46:06 PM"
"package.json","DIFFERENT","C:\Users\Future\chargeguard-woocommerce-backend\package.json","1348723C03E5905EDC23B313709E82F93C5A5B86DB151A000703297E80A2C84C","925","7/5/2026 3:18:26 PM"
"package.json","DIFFERENT","C:\Users\Future\chargeguard-woocommerce-backend\chargeguard-space\package.json","17E784F6FA062AF6C56BAFE29EEA8F5AFECEDF98B151BC24C8563559CFCEE196","798","7/8/2026 8:46:06 PM"
"prometheus.yml","IDENTICAL","C:\Users\Future\chargeguard-woocommerce-backend\prometheus.yml","86492CAFD4DAB78ABCEF02D4A251BF1A2DA2264B544F80DF0973CB0DB85185EC","768","5/11/2026 2:10:13 PM"
"prometheus.yml","IDENTICAL","C:\Users\Future\chargeguard-woocommerce-backend\chargeguard-space\prometheus.yml","86492CAFD4DAB78ABCEF02D4A251BF1A2DA2264B544F80DF0973CB0DB85185EC","768","7/8/2026 8:44:21 PM"
"query","IDENTICAL","C:\Users\Future\chargeguard-woocommerce-backend\query","698B2B2D210A9D9F77F79A698583C8B9A52CF821C3DCB458DC8E0A6ED30EA54C","13","5/11/2026 2:10:32 PM"
"query","IDENTICAL","C:\Users\Future\chargeguard-woocommerce-backend\chargeguard-space\query","698B2B2D210A9D9F77F79A698583C8B9A52CF821C3DCB458DC8E0A6ED30EA54C","13","7/8/2026 8:44:21 PM"
"README.md","DIFFERENT","C:\Users\Future\chargeguard-woocommerce-backend\README.md","A39F493E11772FA0239D9FCB14D55E1A4D915352E96C7EFD29A03F3B842A6DF9","5020","5/22/2026 7:34:33 PM"
"README.md","DIFFERENT","C:\Users\Future\chargeguard-woocommerce-backend\chargeguard-space\README.md","8883CDB064ECCBFDCCFEC006DAE656F05E904BF6EB852C78E1F8078A6B5A7852","1042","7/8/2026 8:46:06 PM"
"README.md","DIFFERENT","C:\Users\Future\chargeguard-woocommerce-backend\chargeguard-space\woocommerce-chargeguard\vendor\stripe-php\README.md","4733F93B4765DD2A153683608C8104C24761AA8CC48BD86EFF0DE7023909D0C5","13213","7/8/2026 8:44:21 PM"
"README.md","DIFFERENT","C:\Users\Future\chargeguard-woocommerce-backend\woocommerce-chargeguard\vendor\stripe-php\README.md","4733F93B4765DD2A153683608C8104C24761AA8CC48BD86EFF0DE7023909D0C5","13213","5/11/2026 2:10:35 PM"
"reload-plugin.php","IDENTICAL","C:\Users\Future\chargeguard-woocommerce-backend\reload-plugin.php","C36245BBDD8707C39AAAB8165A6DA875569E496C5B24FF5D924938B511A77925","252","5/11/2026 2:10:32 PM"
"reload-plugin.php","IDENTICAL","C:\Users\Future\chargeguard-woocommerce-backend\chargeguard-space\reload-plugin.php","C36245BBDD8707C39AAAB8165A6DA875569E496C5B24FF5D924938B511A77925","252","7/8/2026 8:44:21 PM"
"store-api-attack.js","IDENTICAL","C:\Users\Future\chargeguard-woocommerce-backend\store-api-attack.js","D5AEE3F86A6A71AEC0F3703C749F0A4C90897CBD22C7EA68AC30184D0E81ECD9","7407","5/11/2026 2:10:33 PM"
"store-api-attack.js","IDENTICAL","C:\Users\Future\chargeguard-woocommerce-backend\chargeguard-space\store-api-attack.js","D5AEE3F86A6A71AEC0F3703C749F0A4C90897CBD22C7EA68AC30184D0E81ECD9","7407","7/8/2026 8:44:21 PM"
"test-db.js","IDENTICAL","C:\Users\Future\chargeguard-woocommerce-backend\test-db.js","5CE5DB4A0E423324C205E27A8171D38516A6E08351F2261CE109E0796045FAD1","257","5/11/2026 2:10:34 PM"
"test-db.js","IDENTICAL","C:\Users\Future\chargeguard-woocommerce-backend\chargeguard-space\test-db.js","5CE5DB4A0E423324C205E27A8171D38516A6E08351F2261CE109E0796045FAD1","257","7/8/2026 8:44:21 PM"
"test-submenu.php","IDENTICAL","C:\Users\Future\chargeguard-woocommerce-backend\test-submenu.php","835D28049D842DF34D986B3C514036F57BB4B49F20DDA7F52B23BA89A59ABB8D","577","5/11/2026 2:10:34 PM"
"test-submenu.php","IDENTICAL","C:\Users\Future\chargeguard-woocommerce-backend\chargeguard-space\test-submenu.php","835D28049D842DF34D986B3C514036F57BB4B49F20DDA7F52B23BA89A59ABB8D","577","7/8/2026 8:44:21 PM"
"ultimate-attack-simulation.js","IDENTICAL","C:\Users\Future\chargeguard-woocommerce-backend\ultimate-attack-simulation.js","7D3AB4C7A49B635F45D6107393E72D96E1045ECB50C9A292EB4A1F5DEB656ADB","3204","5/11/2026 2:10:34 PM"
"ultimate-attack-simulation.js","IDENTICAL","C:\Users\Future\chargeguard-woocommerce-backend\chargeguard-space\ultimate-attack-simulation.js","7D3AB4C7A49B635F45D6107393E72D96E1045ECB50C9A292EB4A1F5DEB656ADB","3204","7/8/2026 8:44:21 PM"
"velocity-test.js","DIFFERENT","C:\Users\Future\chargeguard-woocommerce-backend\velocity-test.js","9F4D40C9F0C0BAA797E468DFE587A7131248D1FF6D8F49FAE590C89A0C611BFE","2170","5/11/2026 2:10:34 PM"
"velocity-test.js","DIFFERENT","C:\Users\Future\chargeguard-woocommerce-backend\chargeguard-space\velocity-test.js","E0F10DAD040B4ECB03C78B40A14116DE86051347D36BAA0DBE87EAC2DD674F64","2111","7/8/2026 8:46:06 PM"
"verify-firewall.php","DIFFERENT","C:\Users\Future\chargeguard-woocommerce-backend\verify-firewall.php","DB89A3B6AD989FDC393CD0DC54652CC2333503919D1DE19C588503B9F6008448","1222","5/11/2026 2:10:34 PM"
"verify-firewall.php","DIFFERENT","C:\Users\Future\chargeguard-woocommerce-backend\chargeguard-space\verify-firewall.php","DB89A3B6AD989FDC393CD0DC54652CC2333503919D1DE19C588503B9F6008448","1222","7/8/2026 8:44:21 PM"
"verify-firewall.php","DIFFERENT","C:\Users\Future\chargeguard-woocommerce-backend\chargeguard-space\woocommerce-chargeguard\tests\verify-firewall.php","BA8C3740DAE7A76D44EFF13BF7A8538DB922869AC07CFD164547794F7945E501","661","7/8/2026 8:44:21 PM"
"verify-firewall.php","DIFFERENT","C:\Users\Future\chargeguard-woocommerce-backend\woocommerce-chargeguard\tests\verify-firewall.php","BA8C3740DAE7A76D44EFF13BF7A8538DB922869AC07CFD164547794F7945E501","661","5/11/2026 2:10:35 PM"
"webhook-test.js","DIFFERENT","C:\Users\Future\chargeguard-woocommerce-backend\webhook-test.js","B0A33D0C1A06A1FA653509A76C7805A95107500DE781F90657508ECB0F0C1205","2402","5/11/2026 2:10:34 PM"
"webhook-test.js","DIFFERENT","C:\Users\Future\chargeguard-woocommerce-backend\chargeguard-space\webhook-test.js","E8362B47365F1990D195891BB9AF25E32161164EFFD83CCA53C3F01881875CF6","2157","7/8/2026 8:46:06 PM"
"wp-tests-config.php","IDENTICAL","C:\Users\Future\chargeguard-woocommerce-backend\wp-tests-config.php","C10FCAB3EDF811F1C7311520AF049DAB1AA8A18C57A7531D8B8E6A89240F8245","676","5/11/2026 2:10:36 PM"
"wp-tests-config.php","IDENTICAL","C:\Users\Future\chargeguard-woocommerce-backend\chargeguard-space\wp-tests-config.php","C10FCAB3EDF811F1C7311520AF049DAB1AA8A18C57A7531D8B8E6A89240F8245","676","7/8/2026 8:44:21 PM"
"netlify.toml","DIFFERENT","C:\Users\Future\chargeguard-woocommerce-backend\.netlify\netlify.toml","84122535B5A39F288E2D2EC9F388EDC92668020B00876D5D38E8B6220FF5508E","326","5/12/2026 9:02:35 PM"
"netlify.toml","DIFFERENT","C:\Users\Future\chargeguard-woocommerce-backend\chargeguard-space\.netlify\netlify.toml","2EA0A31AEF25521756522504121683EC291842329DEC640F93F4C89D81BD009D","350","7/8/2026 8:44:21 PM"
"state.json","DIFFERENT","C:\Users\Future\chargeguard-woocommerce-backend\.netlify\state.json","E418210346C1C52BCF650A16100C643D7539AA9F4CE51673403EBC076EA8CA90","53","5/12/2026 7:53:33 PM"
"state.json","DIFFERENT","C:\Users\Future\chargeguard-woocommerce-backend\chargeguard-space\.netlify\state.json","F751CCCF8291DB7A28E2F0373E9C31A4262F4E4DB7459B00FD9C310550CEC4BE","55","7/8/2026 8:44:21 PM"
"class-api-client.php","DIFFERENT","C:\Users\Future\chargeguard-woocommerce-backend\chargeguard-space\class-api-client.php","61BA5C442BFD0BFDC46EFCF8B2BE0B863D52084FA8095DCA4AAFE286D473533A","1819","7/8/2026 8:44:21 PM"
"class-api-client.php","DIFFERENT","C:\Users\Future\chargeguard-woocommerce-backend\chargeguard-space\woocommerce-chargeguard\includes\class-api-client.php","DEB03FB2A9B1138F7ED6CD42772A91DA4C179E56628217D363EF87326BC1D28E","6555","7/8/2026 8:44:21 PM"
"class-api-client.php","DIFFERENT","C:\Users\Future\chargeguard-woocommerce-backend\woocommerce-chargeguard\includes\class-api-client.php","2EC705B9BD323EE51C51353335110359C35F2256135AAD76D50E84667026F8AE","8001","7/4/2026 7:56:16 PM"
"class-stripe-webhook.php","DIFFERENT","C:\Users\Future\chargeguard-woocommerce-backend\chargeguard-space\class-stripe-webhook.php","ECAD1E721C8EDE783A772A4FEC168C6179B59D85C44C5C500B46C70AFB454D03","4409","7/8/2026 8:44:21 PM"
"class-stripe-webhook.php","DIFFERENT","C:\Users\Future\chargeguard-woocommerce-backend\chargeguard-space\woocommerce-chargeguard\includes\class-stripe-webhook.php","A2A649A2FBA4838E90A37B824322336BBF08B501A89CD9265F62A66F6B3EB480","6436","7/8/2026 8:44:21 PM"
"class-stripe-webhook.php","DIFFERENT","C:\Users\Future\chargeguard-woocommerce-backend\woocommerce-chargeguard\includes\class-stripe-webhook.php","75DDF20D7C64F58A376DFB949C88482881D0A82528257EC3DA30BB8C75B8D395","6839","7/4/2026 5:05:43 PM"
"nginx.conf","DIFFERENT","C:\Users\Future\chargeguard-woocommerce-backend\chargeguard-space\nginx\nginx.conf","38417FA9B7B87BB45FE204D086BA2D8C477E7654D384DC7DAE6D4102E4EF3D72","2079","5/11/2026 1:36:07 AM"
"nginx.conf","DIFFERENT","C:\Users\Future\chargeguard-woocommerce-backend\nginx\nginx.conf","62D035DAB9569DEE2266893A348CC36047F18254934D93FDECFAEC9AFB3B80C2","2021","4/18/2026 8:58:30 PM"
"chargeguard.conf","DIFFERENT","C:\Users\Future\chargeguard-woocommerce-backend\chargeguard-space\nginx\conf.d\chargeguard.conf","31EBC1AD5882204B3A56DA9C7CE260A75DC355C13CECF8EB9FBC61724FA69CDC","1766","7/8/2026 8:46:06 PM"
"chargeguard.conf","DIFFERENT","C:\Users\Future\chargeguard-woocommerce-backend\nginx\conf.d\chargeguard.conf","AA8B3FE9D8E2B80230FA6DB674D7ECDE2499AB0AA698B41E870B4D6BB8AFA00C","1514","4/18/2026 9:03:02 PM"
"chargeguard.crt","DIFFERENT","C:\Users\Future\chargeguard-woocommerce-backend\chargeguard-space\nginx\ssl\chargeguard.crt","4EBEC918BDEBF0DBE6FEFDCF1819E5A7495CD87F43F088D51F62418433818A7F","1154","5/11/2026 1:36:07 AM"
"chargeguard.crt","DIFFERENT","C:\Users\Future\chargeguard-woocommerce-backend\nginx\ssl\chargeguard.crt","B9F0D85CA27D18C5DD707136A094FC61CB217059D4FBEAB274886E8101A24E35","1135","4/18/2026 8:18:16 PM"
"chargeguard.key","DIFFERENT","C:\Users\Future\chargeguard-woocommerce-backend\chargeguard-space\nginx\ssl\chargeguard.key","59D0B3C86346BBC26000C89AB6E34A376EA9CF3F10540A85356AD84361B0C2D6","1732","5/11/2026 1:36:07 AM"
"chargeguard.key","DIFFERENT","C:\Users\Future\chargeguard-woocommerce-backend\nginx\ssl\chargeguard.key","35D2CA041DACB6250EA114241EBDE1F0736390D20C1F60120D2FC7124C1967B0","1704","4/18/2026 8:18:16 PM"
"schema.prisma","IDENTICAL","C:\Users\Future\chargeguard-woocommerce-backend\chargeguard-space\prisma\schema.prisma","7119C7B151A4C3F471E8BD1577C79DDA301125CC61D5D22A5A8B39F1354A3F44","20954","7/4/2026 6:12:04 PM"
"schema.prisma","IDENTICAL","C:\Users\Future\chargeguard-woocommerce-backend\prisma\schema.prisma","7119C7B151A4C3F471E8BD1577C79DDA301125CC61D5D22A5A8B39F1354A3F44","20954","7/4/2026 6:12:04 PM"
"app.js","DIFFERENT","C:\Users\Future\chargeguard-woocommerce-backend\chargeguard-space\src\app.js","03A7C9710EAC9DC1D958D7D1090FF3285C777AADAC04FB1F3D8998AF9C1C681B","3245","7/8/2026 8:46:06 PM"
"app.js","DIFFERENT","C:\Users\Future\chargeguard-woocommerce-backend\src\app.js","848BC9F8DD98517AFBBC5B58EFFAC0EDE87EF808C747A7EB68A8336ACF9C91D2","4418","7/4/2026 10:47:54 PM"
"swagger.js","DIFFERENT","C:\Users\Future\chargeguard-woocommerce-backend\chargeguard-space\src\swagger.js","E93F58109251A518E241B6FE94BCCB9463A91DF9C20259BE715D3C6FA8BE0629","2727","7/8/2026 8:46:06 PM"
"swagger.js","DIFFERENT","C:\Users\Future\chargeguard-woocommerce-backend\src\swagger.js","D6A3FF10CD5AE08BCCCC5448BC1E21C3F299688A2802D80C71AD539E7948F0A0","2681","4/17/2026 5:55:29 PM"
"monthlyReportScheduler.js","DIFFERENT","C:\Users\Future\chargeguard-woocommerce-backend\chargeguard-space\src\jobs\monthlyReportScheduler.js","B6804A898BFB89822E4468BE7AA28991BFA828CFFA10EC7A92F0EA8CB112E924","17876","7/8/2026 8:44:21 PM"
"monthlyReportScheduler.js","DIFFERENT","C:\Users\Future\chargeguard-woocommerce-backend\src\jobs\monthlyReportScheduler.js","FACAA6ECD50BA3E2A7C9EC2C6B751515423B54871909E4D40B7BC0C12DA362CB","17927","7/4/2026 6:13:19 PM"
"paypalWeeklyReportScheduler.js","IDENTICAL","C:\Users\Future\chargeguard-woocommerce-backend\chargeguard-space\src\jobs\paypalWeeklyReportScheduler.js","A2A8BEDF6DEF9AFA31EF18A2EBDCD304A6C95778582A3818AA0FF038DCF0CC6B","10667","7/8/2026 8:44:21 PM"
"paypalWeeklyReportScheduler.js","IDENTICAL","C:\Users\Future\chargeguard-woocommerce-backend\src\jobs\paypalWeeklyReportScheduler.js","A2A8BEDF6DEF9AFA31EF18A2EBDCD304A6C95778582A3818AA0FF038DCF0CC6B","10667","5/30/2026 7:03:34 PM"
"subscriptionScheduler.js","IDENTICAL","C:\Users\Future\chargeguard-woocommerce-backend\chargeguard-space\src\jobs\subscriptionScheduler.js","E395BC0B458E715C5588C533BBA8BDDF4D3D77078821D45E1DEED0D458B63A0B","16270","7/8/2026 8:44:21 PM"
"subscriptionScheduler.js","IDENTICAL","C:\Users\Future\chargeguard-woocommerce-backend\src\jobs\subscriptionScheduler.js","E395BC0B458E715C5588C533BBA8BDDF4D3D77078821D45E1DEED0D458B63A0B","16270","6/11/2026 2:28:28 PM"
"weeklySummaryScheduler.js","IDENTICAL","C:\Users\Future\chargeguard-woocommerce-backend\chargeguard-space\src\jobs\weeklySummaryScheduler.js","C3F8C0C8AA908C166353E41E4B1EFB55DEDEDF45A75B57A764BDD5DABE945E31","10591","7/8/2026 8:44:21 PM"
"weeklySummaryScheduler.js","IDENTICAL","C:\Users\Future\chargeguard-woocommerce-backend\src\jobs\weeklySummaryScheduler.js","C3F8C0C8AA908C166353E41E4B1EFB55DEDEDF45A75B57A764BDD5DABE945E31","10591","6/29/2026 12:50:34 PM"
"attackAlertScheduler.js","DIFFERENT","C:\Users\Future\chargeguard-woocommerce-backend\chargeguard-space\src\lib\attackAlertScheduler.js","338D7466F98B5A4EECB2445E5898E167803AD56577540E57A52F9F880087CFF2","4915","7/8/2026 8:44:21 PM"
"attackAlertScheduler.js","DIFFERENT","C:\Users\Future\chargeguard-woocommerce-backend\src\lib\attackAlertScheduler.js","1273CBE8F444EFD984A47FEEE32F25B2CA479CE2911C6655FB4658C8EE47D942","5571","7/2/2026 4:40:27 PM"
"binIntelligence.js","DIFFERENT","C:\Users\Future\chargeguard-woocommerce-backend\chargeguard-space\src\lib\binIntelligence.js","CE408CA139898715B78D76B51051D8F231184D46FA75DA0B7FA6631E2D975DBC","17988","7/8/2026 8:46:06 PM"
"binIntelligence.js","DIFFERENT","C:\Users\Future\chargeguard-woocommerce-backend\src\lib\binIntelligence.js","4C26CC4CEE09093F54B375B7EC29C1CFA0BEB17A56B57D7B2B761110E5AD93CB","18081","7/3/2026 5:20:51 PM"
"binSequenceDetector.js","DIFFERENT","C:\Users\Future\chargeguard-woocommerce-backend\chargeguard-space\src\lib\binSequenceDetector.js","7E6C5301FCCE6046723649C3040A8E58F1420977EA152655D4EEA647CB64435B","7857","7/8/2026 8:46:06 PM"
"binSequenceDetector.js","DIFFERENT","C:\Users\Future\chargeguard-woocommerce-backend\src\lib\binSequenceDetector.js","36B77C381C46C0BEA4B2D41DC211F644954DFD2032664D92D2FC990988FBD8FC","9133","7/2/2026 1:50:11 PM"
"constants.js","IDENTICAL","C:\Users\Future\chargeguard-woocommerce-backend\chargeguard-space\src\lib\constants.js","CC5CFDE6B1BC373A320823819C455016FA80EAA04CECBA5A9F92F1DA985137F8","1263","7/8/2026 8:44:21 PM"
"constants.js","IDENTICAL","C:\Users\Future\chargeguard-woocommerce-backend\src\lib\constants.js","CC5CFDE6B1BC373A320823819C455016FA80EAA04CECBA5A9F92F1DA985137F8","1263","5/30/2026 3:12:25 PM"
"countryRisk.js","DIFFERENT","C:\Users\Future\chargeguard-woocommerce-backend\chargeguard-space\src\lib\countryRisk.js","F7102588CA29539A6F17661D31CA9C3813411FE80395FEA838F564A039712435","4789","7/8/2026 8:46:06 PM"
"countryRisk.js","DIFFERENT","C:\Users\Future\chargeguard-woocommerce-backend\src\lib\countryRisk.js","F96E741C7CCDBB305E814E741A52F77A55522E6FE122E7336E44A03F76A883CD","5707","5/27/2026 1:25:54 AM"
"db.js","DIFFERENT","C:\Users\Future\chargeguard-woocommerce-backend\chargeguard-space\src\lib\db.js","F05420FCE75366F37A825FC19EEC00DF9EB20E06DD62F6ACB6FB0156D1A235DF","389","5/11/2026 1:36:07 AM"
"db.js","DIFFERENT","C:\Users\Future\chargeguard-woocommerce-backend\src\lib\db.js","9F85B861BE84FADAED8D16F6EEF954EF46EEC3DC31783B78BE097962F86D1A50","376","4/16/2026 6:24:03 PM"
"db.mock.js","IDENTICAL","C:\Users\Future\chargeguard-woocommerce-backend\chargeguard-space\src\lib\db.mock.js","6E700ADAE1E1381314E5B0C3DAA76B3130F282B72BE02A89A2B7784036E905A2","9881","5/11/2026 1:36:07 AM"
"db.mock.js","IDENTICAL","C:\Users\Future\chargeguard-woocommerce-backend\src\lib\db.mock.js","6E700ADAE1E1381314E5B0C3DAA76B3130F282B72BE02A89A2B7784036E905A2","9881","4/15/2026 4:40:14 PM"
"disputeConstants.js","IDENTICAL","C:\Users\Future\chargeguard-woocommerce-backend\chargeguard-space\src\lib\disputeConstants.js","911AA633FCE0FA0DDADEB9EB036B3D7E769C0D1963A5A28B115289EC699590E9","5020","5/11/2026 1:36:07 AM"
"disputeConstants.js","IDENTICAL","C:\Users\Future\chargeguard-woocommerce-backend\src\lib\disputeConstants.js","911AA633FCE0FA0DDADEB9EB036B3D7E769C0D1963A5A28B115289EC699590E9","5020","4/11/2026 9:44:15 PM"
"domainAuth.js","DIFFERENT","C:\Users\Future\chargeguard-woocommerce-backend\chargeguard-space\src\lib\domainAuth.js","D7500078FB8B8E39289EE8BE96B84323976ECE58EC1051215089FFBD7FE456EA","9091","7/8/2026 8:44:21 PM"
"domainAuth.js","DIFFERENT","C:\Users\Future\chargeguard-woocommerce-backend\src\lib\domainAuth.js","7CC0E92560B303633AC5AD9AA78A04E1207A978183A78AC6F9E4C24B34069DEC","11931","7/1/2026 4:11:38 PM"
"email.js","DIFFERENT","C:\Users\Future\chargeguard-woocommerce-backend\chargeguard-space\src\lib\email.js","344CD325F04C520809FF65074E04F683904DCD86586DA2B49F285109E797C7BC","96002","7/8/2026 8:44:21 PM"
"email.js","DIFFERENT","C:\Users\Future\chargeguard-woocommerce-backend\src\lib\email.js","EBA0584FD7981B90C1DE30D2215E6BE4DEE9C56EEF6F147B031D40B69677EDF6","96394","7/2/2026 2:06:29 PM"
"emailIntelligence.js","IDENTICAL","C:\Users\Future\chargeguard-woocommerce-backend\chargeguard-space\src\lib\emailIntelligence.js","BC22664D4DAF3C5BD82F196464D153A8C4C67E5D5D2349CCDCBDCACEC7F862A1","27626","5/11/2026 1:36:07 AM"
"emailIntelligence.js","IDENTICAL","C:\Users\Future\chargeguard-woocommerce-backend\src\lib\emailIntelligence.js","BC22664D4DAF3C5BD82F196464D153A8C4C67E5D5D2349CCDCBDCACEC7F862A1","27626","4/18/2026 3:57:10 PM"
"feedbackLoop.js","DIFFERENT","C:\Users\Future\chargeguard-woocommerce-backend\chargeguard-space\src\lib\feedbackLoop.js","63EDABF10F2A52B6D0BE74103EFE23485C9FD61EC822B71DDEA4EF0D963E3C06","20166","7/8/2026 8:46:06 PM"
"feedbackLoop.js","DIFFERENT","C:\Users\Future\chargeguard-woocommerce-backend\src\lib\feedbackLoop.js","3E49CE9973CC96C72CA9CA6FD1C3F1C6232EF39AA534B441A366A1BB9E743C62","20541","5/11/2026 2:10:33 PM"
"identityGraph.js","DIFFERENT","C:\Users\Future\chargeguard-woocommerce-backend\chargeguard-space\src\lib\identityGraph.js","096C7458A6A8270838BB1AB0E44205D90437B31B301BF14F18782F1D22925CAE","47220","5/11/2026 1:36:07 AM"
"identityGraph.js","DIFFERENT","C:\Users\Future\chargeguard-woocommerce-backend\src\lib\identityGraph.js","6F7D475645A0E2530DC330B208561A2EFE9C59E2011BE276E6C4C860AE278265","47228","7/4/2026 6:22:16 PM"
"ipIntelligence.js","IDENTICAL","C:\Users\Future\chargeguard-woocommerce-backend\chargeguard-space\src\lib\ipIntelligence.js","0115A2C402285296A833AB427717D3F0D0813EA6CB0774F4E31B3E9054B99C17","22091","5/11/2026 1:36:07 AM"
"ipIntelligence.js","IDENTICAL","C:\Users\Future\chargeguard-woocommerce-backend\src\lib\ipIntelligence.js","0115A2C402285296A833AB427717D3F0D0813EA6CB0774F4E31B3E9054B99C17","22091","4/17/2026 7:57:31 PM"
"logger.js","DIFFERENT","C:\Users\Future\chargeguard-woocommerce-backend\chargeguard-space\src\lib\logger.js","30F815B80959F1B93B47DDF43F4AA2434A77EC6D20D0A61E47EEB07AEF297E0B","417","5/11/2026 1:36:07 AM"
"logger.js","DIFFERENT","C:\Users\Future\chargeguard-woocommerce-backend\src\lib\logger.js","3C03A504D9A7E9342C3AD173F86A05ED9E25FCE22F21EDA280CA0D1DA03B749E","407","4/15/2026 2:22:14 PM"
"metrics.js","DIFFERENT","C:\Users\Future\chargeguard-woocommerce-backend\chargeguard-space\src\lib\metrics.js","54154F44F9269E7542E9A2DB02268B885766BFCE95A206A6CEAA0DAFF6FD6A33","3053","5/11/2026 1:36:07 AM"
"metrics.js","DIFFERENT","C:\Users\Future\chargeguard-woocommerce-backend\src\lib\metrics.js","F660AAB3BC248CD020DDC574D4B3487DB8FAB7ADBA78DAF1DB0F51D61E228EE8","2962","4/17/2026 7:51:36 PM"
"notify.js","DIFFERENT","C:\Users\Future\chargeguard-woocommerce-backend\chargeguard-space\src\lib\notify.js","633ACDC7AEC2DC655E3ABF8795F8EF4B28141AAD3E00E1EF7B5641A5DE6FC382","9475","7/8/2026 8:44:21 PM"
"notify.js","DIFFERENT","C:\Users\Future\chargeguard-woocommerce-backend\src\lib\notify.js","B594186489BA4BCE7720E7688552E9AFA3E23D3E4DD79EB4EBB978A7E6939B48","10938","7/1/2026 3:45:48 PM"
"patternSharing.js","IDENTICAL","C:\Users\Future\chargeguard-woocommerce-backend\chargeguard-space\src\lib\patternSharing.js","4FA6E32C0E3FFA5916CBB4766B7B3B6AE5A9F28E84C081DE352E079AB25B4790","29653","5/11/2026 1:36:07 AM"
"patternSharing.js","IDENTICAL","C:\Users\Future\chargeguard-woocommerce-backend\src\lib\patternSharing.js","4FA6E32C0E3FFA5916CBB4766B7B3B6AE5A9F28E84C081DE352E079AB25B4790","29653","4/16/2026 2:57:36 PM"
"postPurchaseIntelligence.js","DIFFERENT","C:\Users\Future\chargeguard-woocommerce-backend\chargeguard-space\src\lib\postPurchaseIntelligence.js","2C8B3F3BFEA94F43AE32FBB574A058F3C0E767241975070F42D724345E65F7DB","167","5/11/2026 1:36:07 AM"
"postPurchaseIntelligence.js","DIFFERENT","C:\Users\Future\chargeguard-woocommerce-backend\src\lib\postPurchaseIntelligence.js","687F6A0048F334E76A0A903BF31F9E0B526991F7CC9A7A6BA4AACD92A5CA047E","163","4/15/2026 5:38:36 PM"
"prometheus.js","DIFFERENT","C:\Users\Future\chargeguard-woocommerce-backend\chargeguard-space\src\lib\prometheus.js","CE48CDEAB6568BF5C325F4A9CEB9F591E77B1E63F2EFF3EF3C23DDBE6D4BAF79","3804","7/8/2026 8:46:06 PM"
"prometheus.js","DIFFERENT","C:\Users\Future\chargeguard-woocommerce-backend\src\lib\prometheus.js","F6FAC195616B9EEF07590A3279632E1ADE828B0170F8479CAADAA189AF2222B6","4906","5/26/2026 1:55:06 PM"
"reportDataService.js","IDENTICAL","C:\Users\Future\chargeguard-woocommerce-backend\chargeguard-space\src\lib\reportDataService.js","D291A9930A6CEA01B79A1832F995DA0F74FF86398B91ACB79200BC85BE48365F","10214","7/8/2026 8:44:21 PM"
"reportDataService.js","IDENTICAL","C:\Users\Future\chargeguard-woocommerce-backend\src\lib\reportDataService.js","D291A9930A6CEA01B79A1832F995DA0F74FF86398B91ACB79200BC85BE48365F","10214","5/30/2026 3:17:27 PM"
"retention.js","IDENTICAL","C:\Users\Future\chargeguard-woocommerce-backend\chargeguard-space\src\lib\retention.js","93F77EA9BD771FEB6B7E3B1CF708809368D30993A7DB441C3F2A03A9B452697F","15340","7/8/2026 8:44:21 PM"
"retention.js","IDENTICAL","C:\Users\Future\chargeguard-woocommerce-backend\src\lib\retention.js","93F77EA9BD771FEB6B7E3B1CF708809368D30993A7DB441C3F2A03A9B452697F","15340","5/26/2026 2:00:07 PM"
"riskScoring.js","DIFFERENT","C:\Users\Future\chargeguard-woocommerce-backend\chargeguard-space\src\lib\riskScoring.js","26DF75034418F1000FAF7420D4E539C6C08063344A99908E85AA976995265D4B","53126","7/8/2026 8:46:06 PM"
"riskScoring.js","DIFFERENT","C:\Users\Future\chargeguard-woocommerce-backend\src\lib\riskScoring.js","EE362606B39A49CFA9788148EF8D977777D32FE9A62F844622B7285EC2415661","56854","7/6/2026 5:56:54 PM"
"signalWeights.js","IDENTICAL","C:\Users\Future\chargeguard-woocommerce-backend\chargeguard-space\src\lib\signalWeights.js","0314FCE231D3BA8A807C3746147B27E249173489FA98BC92BC826479B029ECED","15981","5/11/2026 1:36:07 AM"
"signalWeights.js","IDENTICAL","C:\Users\Future\chargeguard-woocommerce-backend\src\lib\signalWeights.js","0314FCE231D3BA8A807C3746147B27E249173489FA98BC92BC826479B029ECED","15981","4/15/2026 8:37:16 PM"
"similarity.js","IDENTICAL","C:\Users\Future\chargeguard-woocommerce-backend\chargeguard-space\src\lib\similarity.js","C2E15B00EE3AD820CAF277A8B5DE3F9115E51E47CFA0A7AEDFA793CAE359587C","16892","5/11/2026 1:36:07 AM"
"similarity.js","IDENTICAL","C:\Users\Future\chargeguard-woocommerce-backend\src\lib\similarity.js","C2E15B00EE3AD820CAF277A8B5DE3F9115E51E47CFA0A7AEDFA793CAE359587C","16892","4/15/2026 6:17:00 PM"
"utils.js","DIFFERENT","C:\Users\Future\chargeguard-woocommerce-backend\chargeguard-space\src\lib\utils.js","17E02CFB15E2FA30675CB1B70425F71D857B9C5DACA1C9B115D0D626CB02CC93","2893","5/11/2026 1:36:07 AM"
"utils.js","DIFFERENT","C:\Users\Future\chargeguard-woocommerce-backend\src\lib\utils.js","792F2894C4F656EB2A3F41FC0C1AAD8425FDFDBA21FCC388898D3D03A1C518DF","2879","7/3/2026 6:36:28 PM"
"velocityDetector.js","DIFFERENT","C:\Users\Future\chargeguard-woocommerce-backend\chargeguard-space\src\lib\velocityDetector.js","070251365134A2230F869FF09ED783964D46DD0AD1F32DA1EA1828E545BC24E3","3006","7/8/2026 8:46:06 PM"
"velocityDetector.js","DIFFERENT","C:\Users\Future\chargeguard-woocommerce-backend\src\lib\velocityDetector.js","AA5D0CAEB9E9543D61CC253DF9D2C5B102FF04D1773EC4757F0551E247D9E38D","3066","7/3/2026 6:34:41 PM"
"webhook.js","IDENTICAL","C:\Users\Future\chargeguard-woocommerce-backend\chargeguard-space\src\lib\webhook.js","DB389BDD57529646866E95EA2EB1F124FFA7724E9C6CF1E9EABB9E53EE499E68","14865","7/8/2026 8:44:21 PM"
"webhook.js","IDENTICAL","C:\Users\Future\chargeguard-woocommerce-backend\src\lib\webhook.js","DB389BDD57529646866E95EA2EB1F124FFA7724E9C6CF1E9EABB9E53EE499E68","14865","5/30/2026 5:13:55 PM"
"woocommerce.js","DIFFERENT","C:\Users\Future\chargeguard-woocommerce-backend\chargeguard-space\src\lib\woocommerce.js","FA5CD79ABF1AFA38636A3F6AF0B00AFEC4343666E3AA0022527D81A9E2784216","2428","7/8/2026 8:46:06 PM"
"woocommerce.js","DIFFERENT","C:\Users\Future\chargeguard-woocommerce-backend\src\lib\woocommerce.js","BCD9445050814B9D43B911137D9183FEF0D48EC2B6908CAFBEB39FB7D8C263D7","2533","5/11/2026 2:10:33 PM"
"verifyHmac.js","DIFFERENT","C:\Users\Future\chargeguard-woocommerce-backend\chargeguard-space\src\middleware\verifyHmac.js","DBD4F8310EA93D24DD4F680A52E48316FC12AF4AE970D4918DC14A780969B3C0","3354","7/8/2026 8:44:21 PM"
"verifyHmac.js","DIFFERENT","C:\Users\Future\chargeguard-woocommerce-backend\src\middleware\verifyHmac.js","C2D3AA38DA039DFDC17E0813CDE59810A8EA55BAC2DC7AC0431693F595060FE6","3160","6/30/2026 9:34:55 PM"
"admin.js","DIFFERENT","C:\Users\Future\chargeguard-woocommerce-backend\chargeguard-space\src\routes\admin.js","75F2B1B87E4D8C75570FAE85673472E575715AE131C6DD48991CF8256DF7443F","7900","7/8/2026 8:44:21 PM"
"admin.js","DIFFERENT","C:\Users\Future\chargeguard-woocommerce-backend\src\routes\admin.js","CDF5872BA8E71E1C3BDA4BF3F967983E74CADCBD7BD6A4D93241E30EFCD5AC11","8856","6/30/2026 9:59:55 PM"
"auth.js","DIFFERENT","C:\Users\Future\chargeguard-woocommerce-backend\chargeguard-space\src\routes\auth.js","D5B8BB9FE1AF5C515ADB6E5E0AA3F81362203357E22DE1CA4C57645CB5E104B9","13807","7/8/2026 8:44:21 PM"
"auth.js","DIFFERENT","C:\Users\Future\chargeguard-woocommerce-backend\src\routes\auth.js","BEC89751E8D574146778E930DB1E05E37F9F64D031695B2D6D92D8BA066693EE","25734","7/5/2026 5:59:53 PM"
"dashboard.js","DIFFERENT","C:\Users\Future\chargeguard-woocommerce-backend\chargeguard-space\src\routes\dashboard.js","B0C3DC3EC8C4248550EC4884A4EBA6CFF40E52E6E4A2035B1120E6A96AB160C1","101967","7/8/2026 8:44:21 PM"
"dashboard.js","DIFFERENT","C:\Users\Future\chargeguard-woocommerce-backend\src\routes\dashboard.js","F10D6F0B69DCEC227ECA7E1D19198A44416892B889D636491F59C98BD82D0422","111971","7/4/2026 4:06:11 PM"
"payments.js","DIFFERENT","C:\Users\Future\chargeguard-woocommerce-backend\chargeguard-space\src\routes\payments.js","6FC8F246A247279122A894D579C63A6D64670D7E295C2CBF2B86D0A0A6D0FB43","25176","7/8/2026 8:44:21 PM"
"payments.js","DIFFERENT","C:\Users\Future\chargeguard-woocommerce-backend\src\routes\payments.js","A77E232225F7FA29264E6FF0E0A2C79C2D02359AB1572D5C69D88AFC294CACA6","22474","6/30/2026 9:10:54 PM"
"risk.js","DIFFERENT","C:\Users\Future\chargeguard-woocommerce-backend\chargeguard-space\src\routes\risk.js","7BF0F6E6742A60C97A06631EAA49915AF3D2D1783C6024CF70E6FC5EBCECF462","54540","7/8/2026 8:46:06 PM"
"risk.js","DIFFERENT","C:\Users\Future\chargeguard-woocommerce-backend\src\routes\risk.js","AD04811C59F92AE9C10345518A897F5A67F39EE0940F9302E79D058012DB8FB9","96835","7/5/2026 8:52:02 PM"
"settings.js","DIFFERENT","C:\Users\Future\chargeguard-woocommerce-backend\chargeguard-space\src\routes\settings.js","340A7D2BF16F2CD98EFBAFC71FD7A0701E76B57C7FCE9C3DDCC5E2830C30177E","7522","7/8/2026 8:44:21 PM"
"settings.js","DIFFERENT","C:\Users\Future\chargeguard-woocommerce-backend\src\routes\settings.js","9A1DC4967603A071848DA0C21D6F8CDBF9BA69C5EECA49918D8E026653B16E92","10430","7/4/2026 7:26:12 PM"
"woocommerce.test.js","IDENTICAL","C:\Users\Future\chargeguard-woocommerce-backend\chargeguard-space\src\__tests__\woocommerce.test.js","7407ED1B59D857BC5F2DE65100CE053CB2559C06F9690139888FF6E6895913F2","3413","7/8/2026 8:44:21 PM"
"woocommerce.test.js","IDENTICAL","C:\Users\Future\chargeguard-woocommerce-backend\src\__tests__\woocommerce.test.js","7407ED1B59D857BC5F2DE65100CE053CB2559C06F9690139888FF6E6895913F2","3413","5/11/2026 2:10:33 PM"
"woocommerce-order-created.json","IDENTICAL","C:\Users\Future\chargeguard-woocommerce-backend\chargeguard-space\src\__tests__\fixtures\woocommerce-order-created.json","893B9C3DD105A6E3418CF4A50EBDD9D2740311FE614EFB18EFBF2E7F00AA0CCA","439","7/8/2026 8:44:21 PM"
"woocommerce-order-created.json","IDENTICAL","C:\Users\Future\chargeguard-woocommerce-backend\src\__tests__\fixtures\woocommerce-order-created.json","893B9C3DD105A6E3418CF4A50EBDD9D2740311FE614EFB18EFBF2E7F00AA0CCA","439","5/11/2026 2:10:32 PM"
"binIntelligence.penalty.test.js","DIFFERENT","C:\Users\Future\chargeguard-woocommerce-backend\chargeguard-space\src\__tests__\lib\binIntelligence.penalty.test.js","CA10B3AE1356E334866ED704A7862B97900161975F821C4EAA534FE1986C4131","2625","5/11/2026 1:36:07 AM"
"binIntelligence.penalty.test.js","DIFFERENT","C:\Users\Future\chargeguard-woocommerce-backend\src\__tests__\lib\binIntelligence.penalty.test.js","5274C5D2796FEE73550F4AB1DFF8DDF1EAD0E82C40BA54D6C09FFDE1C74A15DE","2562","4/18/2026 3:50:39 PM"
"binIntelligence.test.js","DIFFERENT","C:\Users\Future\chargeguard-woocommerce-backend\chargeguard-space\src\__tests__\lib\binIntelligence.test.js","102E3D5392D1B274D526023A1052E3AC5E7780564021B4FF345A7E989BB92AE5","790","7/8/2026 8:46:06 PM"
"binIntelligence.test.js","DIFFERENT","C:\Users\Future\chargeguard-woocommerce-backend\src\__tests__\lib\binIntelligence.test.js","0BF2E94D7C81D02EEFB6AEAD0B811B53697E7F0F81B4DE069CD664297A5238A3","2805","5/11/2026 2:10:33 PM"
"countryRisk.test.js","DIFFERENT","C:\Users\Future\chargeguard-woocommerce-backend\chargeguard-space\src\__tests__\lib\countryRisk.test.js","43A5F5616A12E2EA28815374B8519C7FB0B24CA119CFE41BF3D0129DB3011CFB","1883","5/11/2026 1:36:07 AM"
"countryRisk.test.js","DIFFERENT","C:\Users\Future\chargeguard-woocommerce-backend\src\__tests__\lib\countryRisk.test.js","63FF0C3A82DA8A3AD5C0FC57105E3182C04A0E0D77E40D791AD7741B08965085","1841","4/18/2026 4:47:57 PM"
"emailIntelligence.test.js","DIFFERENT","C:\Users\Future\chargeguard-woocommerce-backend\chargeguard-space\src\__tests__\lib\emailIntelligence.test.js","9C2B8E7D269885A43104174644603D4FA8CA7C3F6B8E90D6E0F6899F4D314449","1663","7/8/2026 8:46:06 PM"
"emailIntelligence.test.js","DIFFERENT","C:\Users\Future\chargeguard-woocommerce-backend\src\__tests__\lib\emailIntelligence.test.js","3D0639623F9ADABB0B315AD3BA7EA76C2718226E13E0CDAF3D9E40118C9F943E","2530","5/11/2026 2:10:33 PM"
"feedbackLoop.test.js","IDENTICAL","C:\Users\Future\chargeguard-woocommerce-backend\chargeguard-space\src\__tests__\lib\feedbackLoop.test.js","CEF5027DF02FC91402F3627854ED2E430903AD3551C4579BF347656A268E0CB1","5178","5/11/2026 1:36:07 AM"
"feedbackLoop.test.js","IDENTICAL","C:\Users\Future\chargeguard-woocommerce-backend\src\__tests__\lib\feedbackLoop.test.js","CEF5027DF02FC91402F3627854ED2E430903AD3551C4579BF347656A268E0CB1","5178","4/18/2026 5:03:40 PM"
"identityGraph.test.js","IDENTICAL","C:\Users\Future\chargeguard-woocommerce-backend\chargeguard-space\src\__tests__\lib\identityGraph.test.js","F78BE2075EFED5F4C8C44D05ECD9890CDE32F5D8400ABA85D04203C0F3D007C0","5008","5/11/2026 1:36:07 AM"
"identityGraph.test.js","IDENTICAL","C:\Users\Future\chargeguard-woocommerce-backend\src\__tests__\lib\identityGraph.test.js","F78BE2075EFED5F4C8C44D05ECD9890CDE32F5D8400ABA85D04203C0F3D007C0","5008","4/18/2026 4:22:52 PM"
"ipIntelligence.test.js","IDENTICAL","C:\Users\Future\chargeguard-woocommerce-backend\chargeguard-space\src\__tests__\lib\ipIntelligence.test.js","247287DB059A25707145C957312AEADB96173A177BDBD72C9B0DF04D1AFC8541","2790","7/8/2026 8:44:21 PM"
"ipIntelligence.test.js","IDENTICAL","C:\Users\Future\chargeguard-woocommerce-backend\src\__tests__\lib\ipIntelligence.test.js","247287DB059A25707145C957312AEADB96173A177BDBD72C9B0DF04D1AFC8541","2790","5/11/2026 2:10:33 PM"
"patternSharing.test.js","IDENTICAL","C:\Users\Future\chargeguard-woocommerce-backend\chargeguard-space\src\__tests__\lib\patternSharing.test.js","66CE10E8F59973E7B0AF97F241D2ABE4BDA5DAEF26549455721372CE3A8D5748","4038","5/11/2026 1:36:07 AM"
"patternSharing.test.js","IDENTICAL","C:\Users\Future\chargeguard-woocommerce-backend\src\__tests__\lib\patternSharing.test.js","66CE10E8F59973E7B0AF97F241D2ABE4BDA5DAEF26549455721372CE3A8D5748","4038","4/18/2026 4:54:26 PM"
"riskScoring.test.js","DIFFERENT","C:\Users\Future\chargeguard-woocommerce-backend\chargeguard-space\src\__tests__\lib\riskScoring.test.js","BCF5A437B8BE8E3B467152C87CCD27FA7B0F94E4BE349A8B618C1B9B5CFFD4EA","4152","7/8/2026 8:46:06 PM"
"riskScoring.test.js","DIFFERENT","C:\Users\Future\chargeguard-woocommerce-backend\src\__tests__\lib\riskScoring.test.js","8914C9F196AA8DF7D3241AD7E2D7387B50362E302EE6331751D6B70B0BA8A918","7223","5/11/2026 2:10:33 PM"
"similarity.test.js","DIFFERENT","C:\Users\Future\chargeguard-woocommerce-backend\chargeguard-space\src\__tests__\lib\similarity.test.js","5A7B75F3E20D4DD3EBC4FE7AD5802B21A1BFBDE615A97E59FEF83980F066E979","2478","5/11/2026 1:36:07 AM"
"similarity.test.js","DIFFERENT","C:\Users\Future\chargeguard-woocommerce-backend\src\__tests__\lib\similarity.test.js","5B22EB3841A5FFB53F82827639295ECA0D092D3359CAB5A73432233AD41E3282","2413","4/18/2026 4:49:27 PM"
"utils.test.js","DIFFERENT","C:\Users\Future\chargeguard-woocommerce-backend\chargeguard-space\src\__tests__\lib\utils.test.js","55624D1C8120B62B8CA408ADD112F32642773FDC5B0662CD0513415A275F8600","859","5/11/2026 1:36:07 AM"
"utils.test.js","DIFFERENT","C:\Users\Future\chargeguard-woocommerce-backend\src\__tests__\lib\utils.test.js","58920507257FDF8060D20F85F79312F13064EE9E7C55D206AFFB1C23F981724E","840","4/18/2026 3:20:43 PM"
"chargeguard-woocommerce.php","DIFFERENT","C:\Users\Future\chargeguard-woocommerce-backend\chargeguard-space\woocommerce-chargeguard\chargeguard-woocommerce.php","82077093E60DCCACD909244719702AA620AED2F05610CD2EFBBDF6F0C4045139","2101","7/8/2026 8:44:21 PM"
"chargeguard-woocommerce.php","DIFFERENT","C:\Users\Future\chargeguard-woocommerce-backend\woocommerce-chargeguard\chargeguard-woocommerce.php","54A2009FA85246A8E78EFE83A0327623AC5C30F4592344D07DFFD76240E88789","2797","7/4/2026 6:30:47 PM"
"composer.json","DIFFERENT","C:\Users\Future\chargeguard-woocommerce-backend\chargeguard-space\woocommerce-chargeguard\composer.json","181366B2F29D9E31DFC78C07ED486B4BD6FF2C7742F58F8C0851670411D08E9E","307","7/8/2026 8:44:21 PM"
"composer.json","DIFFERENT","C:\Users\Future\chargeguard-woocommerce-backend\chargeguard-space\woocommerce-chargeguard\vendor\stripe-php\composer.json","1B6F5743134649D1C13FF1955A87C9ED9CC4FD8D5C574D7594ED421F05742694","892","7/8/2026 8:44:21 PM"
"composer.json","DIFFERENT","C:\Users\Future\chargeguard-woocommerce-backend\woocommerce-chargeguard\composer.json","181366B2F29D9E31DFC78C07ED486B4BD6FF2C7742F58F8C0851670411D08E9E","307","5/11/2026 2:10:35 PM"
"composer.json","DIFFERENT","C:\Users\Future\chargeguard-woocommerce-backend\woocommerce-chargeguard\vendor\stripe-php\composer.json","1B6F5743134649D1C13FF1955A87C9ED9CC4FD8D5C574D7594ED421F05742694","892","5/11/2026 2:10:35 PM"
"phpunit.xml","IDENTICAL","C:\Users\Future\chargeguard-woocommerce-backend\chargeguard-space\woocommerce-chargeguard\phpunit.xml","10085A16A921EAA18B3DD1B76E73D44F724D4B08FBE16E70564C7F577A065D2D","261","7/8/2026 8:44:21 PM"
"phpunit.xml","IDENTICAL","C:\Users\Future\chargeguard-woocommerce-backend\woocommerce-chargeguard\phpunit.xml","10085A16A921EAA18B3DD1B76E73D44F724D4B08FBE16E70564C7F577A065D2D","261","5/11/2026 2:10:35 PM"
"readme.txt","IDENTICAL","C:\Users\Future\chargeguard-woocommerce-backend\chargeguard-space\woocommerce-chargeguard\readme.txt","95CFA1F9C125EF28B1721521615CDD3DD48A47BBFA7CD2BEBFD36DD5F21008C0","4798","7/8/2026 8:44:21 PM"
"readme.txt","IDENTICAL","C:\Users\Future\chargeguard-woocommerce-backend\woocommerce-chargeguard\readme.txt","95CFA1F9C125EF28B1721521615CDD3DD48A47BBFA7CD2BEBFD36DD5F21008C0","4798","5/11/2026 2:10:35 PM"
"SETUP.md","IDENTICAL","C:\Users\Future\chargeguard-woocommerce-backend\chargeguard-space\woocommerce-chargeguard\SETUP.md","7941EE8B83AFEE4EC716F79A99E63B893F5F36B9B4EF8F5143AC45F3740ED90B","640","7/8/2026 8:44:21 PM"
"SETUP.md","IDENTICAL","C:\Users\Future\chargeguard-woocommerce-backend\woocommerce-chargeguard\SETUP.md","7941EE8B83AFEE4EC716F79A99E63B893F5F36B9B4EF8F5143AC45F3740ED90B","640","5/11/2026 2:10:35 PM"
"banner.svg","IDENTICAL","C:\Users\Future\chargeguard-woocommerce-backend\chargeguard-space\woocommerce-chargeguard\assets\banner.svg","17AEC0DE09269B32C46243E3D94BAD2E2F6432B0B6597365F2EBDE14DDB95C13","443","7/8/2026 8:44:21 PM"
"banner.svg","IDENTICAL","C:\Users\Future\chargeguard-woocommerce-backend\woocommerce-chargeguard\assets\banner.svg","17AEC0DE09269B32C46243E3D94BAD2E2F6432B0B6597365F2EBDE14DDB95C13","443","5/11/2026 2:10:35 PM"
"icon.svg","IDENTICAL","C:\Users\Future\chargeguard-woocommerce-backend\chargeguard-space\woocommerce-chargeguard\assets\icon.svg","B38BC80B4E4AD010ED674A7D686AD1189518AD1746C07800A202E113A8CE0D04","292","7/8/2026 8:44:21 PM"
"icon.svg","IDENTICAL","C:\Users\Future\chargeguard-woocommerce-backend\woocommerce-chargeguard\assets\icon.svg","B38BC80B4E4AD010ED674A7D686AD1189518AD1746C07800A202E113A8CE0D04","292","5/11/2026 2:10:35 PM"
"chargeguard-checkout-block.js","IDENTICAL","C:\Users\Future\chargeguard-woocommerce-backend\chargeguard-space\woocommerce-chargeguard\assets\js\chargeguard-checkout-block.js","5154E1CBAF08A618D9BF59E2B4F58439E0002CC17D98358809133A81FD17E91E","12940","7/8/2026 8:44:21 PM"
"chargeguard-checkout-block.js","IDENTICAL","C:\Users\Future\chargeguard-woocommerce-backend\woocommerce-chargeguard\assets\js\chargeguard-checkout-block.js","5154E1CBAF08A618D9BF59E2B4F58439E0002CC17D98358809133A81FD17E91E","12940","5/21/2026 9:50:45 PM"
"chargeguard-firewall.js","IDENTICAL","C:\Users\Future\chargeguard-woocommerce-backend\chargeguard-space\woocommerce-chargeguard\assets\js\chargeguard-firewall.js","72D108F5527CF9C2A4EF692115C1F11B0906882849524EF7AC95576939D414B0","3641","7/8/2026 8:44:21 PM"
"chargeguard-firewall.js","IDENTICAL","C:\Users\Future\chargeguard-woocommerce-backend\woocommerce-chargeguard\assets\js\chargeguard-firewall.js","72D108F5527CF9C2A4EF692115C1F11B0906882849524EF7AC95576939D414B0","3641","5/11/2026 2:10:35 PM"
"class-admin-settings.php","IDENTICAL","C:\Users\Future\chargeguard-woocommerce-backend\chargeguard-space\woocommerce-chargeguard\includes\class-admin-settings.php","30E26784661654B0B52C91EDF602E71FCF55BD4B252EE866E96EA8A682C3817E","107202","7/8/2026 8:44:21 PM"
"class-admin-settings.php","IDENTICAL","C:\Users\Future\chargeguard-woocommerce-backend\woocommerce-chargeguard\includes\class-admin-settings.php","30E26784661654B0B52C91EDF602E71FCF55BD4B252EE866E96EA8A682C3817E","107202","5/30/2026 4:45:07 PM"
"class-dynamic-firewall.php","IDENTICAL","C:\Users\Future\chargeguard-woocommerce-backend\chargeguard-space\woocommerce-chargeguard\includes\class-dynamic-firewall.php","19120649CDD6ABE9737DF828123127B4A83B30EA136986CB104097CD919F6D03","12122","7/8/2026 8:44:21 PM"
"class-dynamic-firewall.php","IDENTICAL","C:\Users\Future\chargeguard-woocommerce-backend\woocommerce-chargeguard\includes\class-dynamic-firewall.php","19120649CDD6ABE9737DF828123127B4A83B30EA136986CB104097CD919F6D03","12122","5/15/2026 7:20:14 PM"
"class-paypal-webhook.php","DIFFERENT","C:\Users\Future\chargeguard-woocommerce-backend\chargeguard-space\woocommerce-chargeguard\includes\class-paypal-webhook.php","30F650F4B26F4936FDDEC3BE9A911077B36508753F7A797BA30228E8A443FE3F","18655","7/8/2026 8:44:21 PM"
"class-paypal-webhook.php","DIFFERENT","C:\Users\Future\chargeguard-woocommerce-backend\woocommerce-chargeguard\includes\class-paypal-webhook.php","8B5E35FCCEAF67F4E52A4C9825FC12AC679123A012CDC043A4CD0E900CA5D28F","18039","7/4/2026 7:57:27 PM"
"ApiClientFailureTest.php","IDENTICAL","C:\Users\Future\chargeguard-woocommerce-backend\chargeguard-space\woocommerce-chargeguard\tests\ApiClientFailureTest.php","EDFA233AA69B7164498B84C00306FF7A58DC5C7DCB7F44F3ABF0253E7B17B47C","1316","7/8/2026 8:44:21 PM"
"ApiClientFailureTest.php","IDENTICAL","C:\Users\Future\chargeguard-woocommerce-backend\woocommerce-chargeguard\tests\ApiClientFailureTest.php","EDFA233AA69B7164498B84C00306FF7A58DC5C7DCB7F44F3ABF0253E7B17B47C","1316","5/11/2026 2:10:35 PM"
"ApiClientTest.php","IDENTICAL","C:\Users\Future\chargeguard-woocommerce-backend\chargeguard-space\woocommerce-chargeguard\tests\ApiClientTest.php","9AFBDE410F48A1A32CFFB4C4B0D7B00E8097E81FC21F87A2D016A8F2228CBAFA","1603","7/8/2026 8:44:21 PM"
"ApiClientTest.php","IDENTICAL","C:\Users\Future\chargeguard-woocommerce-backend\woocommerce-chargeguard\tests\ApiClientTest.php","9AFBDE410F48A1A32CFFB4C4B0D7B00E8097E81FC21F87A2D016A8F2228CBAFA","1603","5/11/2026 2:10:35 PM"
"bootstrap-wp.php","IDENTICAL","C:\Users\Future\chargeguard-woocommerce-backend\chargeguard-space\woocommerce-chargeguard\tests\bootstrap-wp.php","68C0B8A2062A03D5903A1B23DAF9D32C3D5F5AFD915AC86749DD31F95429DB00","514","7/8/2026 8:44:21 PM"
"bootstrap-wp.php","IDENTICAL","C:\Users\Future\chargeguard-woocommerce-backend\woocommerce-chargeguard\tests\bootstrap-wp.php","68C0B8A2062A03D5903A1B23DAF9D32C3D5F5AFD915AC86749DD31F95429DB00","514","5/11/2026 2:10:35 PM"
"bootstrap.php","IDENTICAL","C:\Users\Future\chargeguard-woocommerce-backend\chargeguard-space\woocommerce-chargeguard\tests\bootstrap.php","EE8932ECE671D8C0AA5FF7D0FBA2D28637FDE9C6B60D1E145951892C0F8AF438","663","7/8/2026 8:44:21 PM"
"bootstrap.php","IDENTICAL","C:\Users\Future\chargeguard-woocommerce-backend\woocommerce-chargeguard\tests\bootstrap.php","EE8932ECE671D8C0AA5FF7D0FBA2D28637FDE9C6B60D1E145951892C0F8AF438","663","5/11/2026 2:10:35 PM"
"DynamicFirewallTest.php","IDENTICAL","C:\Users\Future\chargeguard-woocommerce-backend\chargeguard-space\woocommerce-chargeguard\tests\DynamicFirewallTest.php","A84B89DD8C238646F836F9FAC004E3605F042C2FFAB86093E34188DB41B0D4E6","1209","7/8/2026 8:44:21 PM"
"DynamicFirewallTest.php","IDENTICAL","C:\Users\Future\chargeguard-woocommerce-backend\woocommerce-chargeguard\tests\DynamicFirewallTest.php","A84B89DD8C238646F836F9FAC004E3605F042C2FFAB86093E34188DB41B0D4E6","1209","5/11/2026 2:10:35 PM"
"DynamicFirewallWPTest.php","IDENTICAL","C:\Users\Future\chargeguard-woocommerce-backend\chargeguard-space\woocommerce-chargeguard\tests\DynamicFirewallWPTest.php","EE099983DA3A06CE63D0D41BF9037C86315ECEE7E1A79845215AA2C5569C980D","605","7/8/2026 8:44:21 PM"
"DynamicFirewallWPTest.php","IDENTICAL","C:\Users\Future\chargeguard-woocommerce-backend\woocommerce-chargeguard\tests\DynamicFirewallWPTest.php","EE099983DA3A06CE63D0D41BF9037C86315ECEE7E1A79845215AA2C5569C980D","605","5/11/2026 2:10:35 PM"
"manual_test.php","IDENTICAL","C:\Users\Future\chargeguard-woocommerce-backend\chargeguard-space\woocommerce-chargeguard\tests\manual_test.php","0533645957E616C5FA344EDE8051CD18601D51D0BFE51AA3E0B16C46D736F11B","1912","7/8/2026 8:44:21 PM"
"manual_test.php","IDENTICAL","C:\Users\Future\chargeguard-woocommerce-backend\woocommerce-chargeguard\tests\manual_test.php","0533645957E616C5FA344EDE8051CD18601D51D0BFE51AA3E0B16C46D736F11B","1912","5/11/2026 2:10:35 PM"
"mocks.php","IDENTICAL","C:\Users\Future\chargeguard-woocommerce-backend\chargeguard-space\woocommerce-chargeguard\tests\mocks.php","254F7CFAA096BCDD81D17B635951DE4C37136864EB68275DD7E59AB1A07F0678","2920","7/8/2026 8:44:21 PM"
"mocks.php","IDENTICAL","C:\Users\Future\chargeguard-woocommerce-backend\woocommerce-chargeguard\tests\mocks.php","254F7CFAA096BCDD81D17B635951DE4C37136864EB68275DD7E59AB1A07F0678","2920","5/11/2026 2:10:35 PM"
"stripe-mock.php","IDENTICAL","C:\Users\Future\chargeguard-woocommerce-backend\chargeguard-space\woocommerce-chargeguard\tests\stripe-mock.php","3D0ADE6EE545BDAC4419960B5000A4E936F42FE1B25C27C150B7460CA2536818","284","7/8/2026 8:44:21 PM"
"stripe-mock.php","IDENTICAL","C:\Users\Future\chargeguard-woocommerce-backend\woocommerce-chargeguard\tests\stripe-mock.php","3D0ADE6EE545BDAC4419960B5000A4E936F42FE1B25C27C150B7460CA2536818","284","5/11/2026 2:10:35 PM"
"StripeWebhookFullTest.php","IDENTICAL","C:\Users\Future\chargeguard-woocommerce-backend\chargeguard-space\woocommerce-chargeguard\tests\StripeWebhookFullTest.php","78527C180A3985034AF5C34C538E430109C054F744FAA18838AFA27BE303FFF8","3609","7/8/2026 8:44:21 PM"
"StripeWebhookFullTest.php","IDENTICAL","C:\Users\Future\chargeguard-woocommerce-backend\woocommerce-chargeguard\tests\StripeWebhookFullTest.php","78527C180A3985034AF5C34C538E430109C054F744FAA18838AFA27BE303FFF8","3609","5/11/2026 2:10:35 PM"
"StripeWebhookTest.php","IDENTICAL","C:\Users\Future\chargeguard-woocommerce-backend\chargeguard-space\woocommerce-chargeguard\tests\StripeWebhookTest.php","CEAE8E456A9D4F6A2B194FD72420859998CE12DE311428D6385E5477F11A150D","545","7/8/2026 8:44:21 PM"
"StripeWebhookTest.php","IDENTICAL","C:\Users\Future\chargeguard-woocommerce-backend\woocommerce-chargeguard\tests\StripeWebhookTest.php","CEAE8E456A9D4F6A2B194FD72420859998CE12DE311428D6385E5477F11A150D","545","5/11/2026 2:10:35 PM"
"CHANGELOG.md","IDENTICAL","C:\Users\Future\chargeguard-woocommerce-backend\chargeguard-space\woocommerce-chargeguard\vendor\stripe-php\CHANGELOG.md","E91F6FF19DCE2DC92D42C1086259C075BE57660DA85370232445D222ED8FD33E","113005","7/8/2026 8:44:21 PM"
"CHANGELOG.md","IDENTICAL","C:\Users\Future\chargeguard-woocommerce-backend\woocommerce-chargeguard\vendor\stripe-php\CHANGELOG.md","E91F6FF19DCE2DC92D42C1086259C075BE57660DA85370232445D222ED8FD33E","113005","5/11/2026 2:10:35 PM"
"init.php","IDENTICAL","C:\Users\Future\chargeguard-woocommerce-backend\chargeguard-space\woocommerce-chargeguard\vendor\stripe-php\init.php","D45A6B21771B9F933947E5A6A14E9817B3CC945CA582F7B8FC7BD52DF1CB6865","19221","7/8/2026 8:44:21 PM"
"init.php","IDENTICAL","C:\Users\Future\chargeguard-woocommerce-backend\woocommerce-chargeguard\vendor\stripe-php\init.php","D45A6B21771B9F933947E5A6A14E9817B3CC945CA582F7B8FC7BD52DF1CB6865","19221","5/11/2026 2:10:35 PM"
"LICENSE","IDENTICAL","C:\Users\Future\chargeguard-woocommerce-backend\chargeguard-space\woocommerce-chargeguard\vendor\stripe-php\LICENSE","4BE81B83AE70AE9448C930BDFD1AAF3CD8600A94DA0BBE3EBBD4CBA7102B018A","1120","7/8/2026 8:44:21 PM"
"LICENSE","IDENTICAL","C:\Users\Future\chargeguard-woocommerce-backend\woocommerce-chargeguard\vendor\stripe-php\LICENSE","4BE81B83AE70AE9448C930BDFD1AAF3CD8600A94DA0BBE3EBBD4CBA7102B018A","1120","5/11/2026 2:10:35 PM"
"OPENAPI_VERSION","IDENTICAL","C:\Users\Future\chargeguard-woocommerce-backend\chargeguard-space\woocommerce-chargeguard\vendor\stripe-php\OPENAPI_VERSION","506628B5114DCDAF201B33A45D1B35F672A95B4B9CED3A64F67220D875725AD6","6","7/8/2026 8:44:21 PM"
"OPENAPI_VERSION","IDENTICAL","C:\Users\Future\chargeguard-woocommerce-backend\woocommerce-chargeguard\vendor\stripe-php\OPENAPI_VERSION","506628B5114DCDAF201B33A45D1B35F672A95B4B9CED3A64F67220D875725AD6","6","5/11/2026 2:10:35 PM"
"VERSION","IDENTICAL","C:\Users\Future\chargeguard-woocommerce-backend\chargeguard-space\woocommerce-chargeguard\vendor\stripe-php\VERSION","BCBD2675E3C01422E94DC922B0F9DACFD377FE468F4B6121E84861E05DA707DB","9","7/8/2026 8:44:21 PM"
"VERSION","IDENTICAL","C:\Users\Future\chargeguard-woocommerce-backend\woocommerce-chargeguard\vendor\stripe-php\VERSION","BCBD2675E3C01422E94DC922B0F9DACFD377FE468F4B6121E84861E05DA707DB","9","5/11/2026 2:10:35 PM"
"ca-certificates.crt","IDENTICAL","C:\Users\Future\chargeguard-woocommerce-backend\chargeguard-space\woocommerce-chargeguard\vendor\stripe-php\data\ca-certificates.crt","BBF3985B3801F98031D4954CFDE237842D28E2CB1263E8120208938BA318B26B","218699","7/8/2026 8:44:21 PM"
"ca-certificates.crt","IDENTICAL","C:\Users\Future\chargeguard-woocommerce-backend\woocommerce-chargeguard\vendor\stripe-php\data\ca-certificates.crt","BBF3985B3801F98031D4954CFDE237842D28E2CB1263E8120208938BA318B26B","218699","5/11/2026 2:10:35 PM"
"Account.php","DIFFERENT","C:\Users\Future\chargeguard-woocommerce-backend\chargeguard-space\woocommerce-chargeguard\vendor\stripe-php\lib\Account.php","2F316F400F588DD20A104F3C8284C52B9A277A2D24899B0662E016C99917092D","17052","7/8/2026 8:44:21 PM"
"Account.php","DIFFERENT","C:\Users\Future\chargeguard-woocommerce-backend\chargeguard-space\woocommerce-chargeguard\vendor\stripe-php\lib\FinancialConnections\Account.php","4DF3ED21FCCA5FF8ABAD44F148634E99B547FDDA383DAA04AD967B35BBE989A7","6471","7/8/2026 8:44:21 PM"
"Account.php","DIFFERENT","C:\Users\Future\chargeguard-woocommerce-backend\woocommerce-chargeguard\vendor\stripe-php\lib\Account.php","2F316F400F588DD20A104F3C8284C52B9A277A2D24899B0662E016C99917092D","17052","5/11/2026 2:10:35 PM"
"Account.php","DIFFERENT","C:\Users\Future\chargeguard-woocommerce-backend\woocommerce-chargeguard\vendor\stripe-php\lib\FinancialConnections\Account.php","4DF3ED21FCCA5FF8ABAD44F148634E99B547FDDA383DAA04AD967B35BBE989A7","6471","5/11/2026 2:10:35 PM"
"AccountLink.php","IDENTICAL","C:\Users\Future\chargeguard-woocommerce-backend\chargeguard-space\woocommerce-chargeguard\vendor\stripe-php\lib\AccountLink.php","AEC2D2DE481C2E6188DFD4DEDFC10352A6C40EA4F87A6195D6D072D8006C04E3","849","7/8/2026 8:44:21 PM"
"AccountLink.php","IDENTICAL","C:\Users\Future\chargeguard-woocommerce-backend\woocommerce-chargeguard\vendor\stripe-php\lib\AccountLink.php","AEC2D2DE481C2E6188DFD4DEDFC10352A6C40EA4F87A6195D6D072D8006C04E3","849","5/11/2026 2:10:35 PM"
"AccountSession.php","IDENTICAL","C:\Users\Future\chargeguard-woocommerce-backend\chargeguard-space\woocommerce-chargeguard\vendor\stripe-php\lib\AccountSession.php","CB6E909168F34E6425DC061513CB91A6925C55D6C28EB68F8FA77AAEC0487FE7","1852","7/8/2026 8:44:21 PM"
"AccountSession.php","IDENTICAL","C:\Users\Future\chargeguard-woocommerce-backend\woocommerce-chargeguard\vendor\stripe-php\lib\AccountSession.php","CB6E909168F34E6425DC061513CB91A6925C55D6C28EB68F8FA77AAEC0487FE7","1852","5/11/2026 2:10:35 PM"
"ApiRequestor.php","IDENTICAL","C:\Users\Future\chargeguard-woocommerce-backend\chargeguard-space\woocommerce-chargeguard\vendor\stripe-php\lib\ApiRequestor.php","20614405726EB684CD59A3D61671000937391ACA0683E68B430FA9817965C66B","20021","7/8/2026 8:44:21 PM"
"ApiRequestor.php","IDENTICAL","C:\Users\Future\chargeguard-woocommerce-backend\woocommerce-chargeguard\vendor\stripe-php\lib\ApiRequestor.php","20614405726EB684CD59A3D61671000937391ACA0683E68B430FA9817965C66B","20021","5/11/2026 2:10:35 PM"
"ApiResource.php","IDENTICAL","C:\Users\Future\chargeguard-woocommerce-backend\chargeguard-space\woocommerce-chargeguard\vendor\stripe-php\lib\ApiResource.php","AB2AA68EFAFE52555A4BAC10CC35B38C3939FE8A81F82544C363BAC02C793B0B","3618","7/8/2026 8:44:21 PM"
"ApiResource.php","IDENTICAL","C:\Users\Future\chargeguard-woocommerce-backend\woocommerce-chargeguard\vendor\stripe-php\lib\ApiResource.php","AB2AA68EFAFE52555A4BAC10CC35B38C3939FE8A81F82544C363BAC02C793B0B","3618","5/11/2026 2:10:35 PM"
"ApiResponse.php","IDENTICAL","C:\Users\Future\chargeguard-woocommerce-backend\chargeguard-space\woocommerce-chargeguard\vendor\stripe-php\lib\ApiResponse.php","64D344CD963E8BEC845A0AE902CB463272FBBABC6A8B0723ACE9AFEE5A5E4A60","757","7/8/2026 8:44:21 PM"
"ApiResponse.php","IDENTICAL","C:\Users\Future\chargeguard-woocommerce-backend\woocommerce-chargeguard\vendor\stripe-php\lib\ApiResponse.php","64D344CD963E8BEC845A0AE902CB463272FBBABC6A8B0723ACE9AFEE5A5E4A60","757","5/11/2026 2:10:35 PM"
"ApplePayDomain.php","IDENTICAL","C:\Users\Future\chargeguard-woocommerce-backend\chargeguard-space\woocommerce-chargeguard\vendor\stripe-php\lib\ApplePayDomain.php","A7DE9228804A1557B99522B04391FA74469FC4EEFB2154BABA4567699FD7CD25","1047","7/8/2026 8:44:21 PM"
"ApplePayDomain.php","IDENTICAL","C:\Users\Future\chargeguard-woocommerce-backend\woocommerce-chargeguard\vendor\stripe-php\lib\ApplePayDomain.php","A7DE9228804A1557B99522B04391FA74469FC4EEFB2154BABA4567699FD7CD25","1047","5/11/2026 2:10:35 PM"
"Application.php","IDENTICAL","C:\Users\Future\chargeguard-woocommerce-backend\chargeguard-space\woocommerce-chargeguard\vendor\stripe-php\lib\Application.php","AF0881B0D55E43B6659EF6FE7EBDF044A3A0B0EC75764AC7E364C24E22B8C6DF","403","7/8/2026 8:44:21 PM"
"Application.php","IDENTICAL","C:\Users\Future\chargeguard-woocommerce-backend\woocommerce-chargeguard\vendor\stripe-php\lib\Application.php","AF0881B0D55E43B6659EF6FE7EBDF044A3A0B0EC75764AC7E364C24E22B8C6DF","403","5/11/2026 2:10:35 PM"
"ApplicationFee.php","IDENTICAL","C:\Users\Future\chargeguard-woocommerce-backend\chargeguard-space\woocommerce-chargeguard\vendor\stripe-php\lib\ApplicationFee.php","C79DC70B7F7E2520D0DAFD6CE844522045C72D6353917AEE88C2F608E9BB6C29","4486","7/8/2026 8:44:21 PM"
"ApplicationFee.php","IDENTICAL","C:\Users\Future\chargeguard-woocommerce-backend\woocommerce-chargeguard\vendor\stripe-php\lib\ApplicationFee.php","C79DC70B7F7E2520D0DAFD6CE844522045C72D6353917AEE88C2F608E9BB6C29","4486","5/11/2026 2:10:35 PM"
"ApplicationFeeRefund.php","IDENTICAL","C:\Users\Future\chargeguard-woocommerce-backend\chargeguard-space\woocommerce-chargeguard\vendor\stripe-php\lib\ApplicationFeeRefund.php","679F37148939C15A886190756318761DC6C658C311E0C2998CDCB42BE8650D32","2585","7/8/2026 8:44:21 PM"
"ApplicationFeeRefund.php","IDENTICAL","C:\Users\Future\chargeguard-woocommerce-backend\woocommerce-chargeguard\vendor\stripe-php\lib\ApplicationFeeRefund.php","679F37148939C15A886190756318761DC6C658C311E0C2998CDCB42BE8650D32","2585","5/11/2026 2:10:35 PM"
"Balance.php","IDENTICAL","C:\Users\Future\chargeguard-woocommerce-backend\chargeguard-space\woocommerce-chargeguard\vendor\stripe-php\lib\Balance.php","6DE408C19823C6B13108292BA4760DD10887BD66352CEB08F0A02E79540A87D2","2109","7/8/2026 8:44:21 PM"
"Balance.php","IDENTICAL","C:\Users\Future\chargeguard-woocommerce-backend\woocommerce-chargeguard\vendor\stripe-php\lib\Balance.php","6DE408C19823C6B13108292BA4760DD10887BD66352CEB08F0A02E79540A87D2","2109","5/11/2026 2:10:35 PM"
"BalanceTransaction.php","IDENTICAL","C:\Users\Future\chargeguard-woocommerce-backend\chargeguard-space\woocommerce-chargeguard\vendor\stripe-php\lib\BalanceTransaction.php","9E1C33861ED1CAB1C943C4F24D5CCDE7D855C7613574D4F8678E5B9AB92B387F","7602","7/8/2026 8:44:21 PM"
"BalanceTransaction.php","IDENTICAL","C:\Users\Future\chargeguard-woocommerce-backend\woocommerce-chargeguard\vendor\stripe-php\lib\BalanceTransaction.php","9E1C33861ED1CAB1C943C4F24D5CCDE7D855C7613574D4F8678E5B9AB92B387F","7602","5/11/2026 2:10:35 PM"
"BankAccount.php","IDENTICAL","C:\Users\Future\chargeguard-woocommerce-backend\chargeguard-space\woocommerce-chargeguard\vendor\stripe-php\lib\BankAccount.php","814195F4BF804D04901521BC0B94361F346C866C418C1CDC1A2669285F716C3B","8177","7/8/2026 8:44:21 PM"
"BankAccount.php","IDENTICAL","C:\Users\Future\chargeguard-woocommerce-backend\woocommerce-chargeguard\vendor\stripe-php\lib\BankAccount.php","814195F4BF804D04901521BC0B94361F346C866C418C1CDC1A2669285F716C3B","8177","5/11/2026 2:10:35 PM"
"BaseStripeClient.php","IDENTICAL","C:\Users\Future\chargeguard-woocommerce-backend\chargeguard-space\woocommerce-chargeguard\vendor\stripe-php\lib\BaseStripeClient.php","2AE3E3136A9073666362EBC1CD953A58C2C26B955F37A669613230DDC13EB76D","11685","7/8/2026 8:44:21 PM"
"BaseStripeClient.php","IDENTICAL","C:\Users\Future\chargeguard-woocommerce-backend\woocommerce-chargeguard\vendor\stripe-php\lib\BaseStripeClient.php","2AE3E3136A9073666362EBC1CD953A58C2C26B955F37A669613230DDC13EB76D","11685","5/11/2026 2:10:35 PM"
"BaseStripeClientInterface.php","IDENTICAL","C:\Users\Future\chargeguard-woocommerce-backend\chargeguard-space\woocommerce-chargeguard\vendor\stripe-php\lib\BaseStripeClientInterface.php","2EFCDC6B41058B1D804174AD4E4FF489443A174C682A9D606970F22E74B1DC3F","1034","7/8/2026 8:44:21 PM"
"BaseStripeClientInterface.php","IDENTICAL","C:\Users\Future\chargeguard-woocommerce-backend\woocommerce-chargeguard\vendor\stripe-php\lib\BaseStripeClientInterface.php","2EFCDC6B41058B1D804174AD4E4FF489443A174C682A9D606970F22E74B1DC3F","1034","5/11/2026 2:10:35 PM"
"Capability.php","IDENTICAL","C:\Users\Future\chargeguard-woocommerce-backend\chargeguard-space\woocommerce-chargeguard\vendor\stripe-php\lib\Capability.php","5A61FA741317E827FEC4A0EDE6B10B844D150D4BEF8FDB16CEF50CF396742C75","3081","7/8/2026 8:44:21 PM"
"Capability.php","IDENTICAL","C:\Users\Future\chargeguard-woocommerce-backend\woocommerce-chargeguard\vendor\stripe-php\lib\Capability.php","5A61FA741317E827FEC4A0EDE6B10B844D150D4BEF8FDB16CEF50CF396742C75","3081","5/11/2026 2:10:35 PM"
"Card.php","DIFFERENT","C:\Users\Future\chargeguard-woocommerce-backend\chargeguard-space\woocommerce-chargeguard\vendor\stripe-php\lib\Card.php","969465A4CD359A520881E49012BA72780A10B813178E71C215EEBB4B543F6442","8680","7/8/2026 8:44:21 PM"
"Card.php","DIFFERENT","C:\Users\Future\chargeguard-woocommerce-backend\chargeguard-space\woocommerce-chargeguard\vendor\stripe-php\lib\Issuing\Card.php","EF4355528050F9BBAAAE483CEAEF6A0FD45B197EB42E30CAD4DFF7F6DD729A08","4653","7/8/2026 8:44:21 PM"
"Card.php","DIFFERENT","C:\Users\Future\chargeguard-woocommerce-backend\woocommerce-chargeguard\vendor\stripe-php\lib\Card.php","969465A4CD359A520881E49012BA72780A10B813178E71C215EEBB4B543F6442","8680","5/11/2026 2:10:35 PM"
"Card.php","DIFFERENT","C:\Users\Future\chargeguard-woocommerce-backend\woocommerce-chargeguard\vendor\stripe-php\lib\Issuing\Card.php","EF4355528050F9BBAAAE483CEAEF6A0FD45B197EB42E30CAD4DFF7F6DD729A08","4653","5/11/2026 2:10:35 PM"
"CashBalance.php","IDENTICAL","C:\Users\Future\chargeguard-woocommerce-backend\chargeguard-space\woocommerce-chargeguard\vendor\stripe-php\lib\CashBalance.php","E40F353B5F56175433F30388338E3B059402B6F97163C9B00344839784FE61EE","2533","7/8/2026 8:44:21 PM"
"CashBalance.php","IDENTICAL","C:\Users\Future\chargeguard-woocommerce-backend\woocommerce-chargeguard\vendor\stripe-php\lib\CashBalance.php","E40F353B5F56175433F30388338E3B059402B6F97163C9B00344839784FE61EE","2533","5/11/2026 2:10:35 PM"
"Charge.php","IDENTICAL","C:\Users\Future\chargeguard-woocommerce-backend\chargeguard-space\woocommerce-chargeguard\vendor\stripe-php\lib\Charge.php","3067B071FAA3DB740FE892A3391FCA263B6139258D9C1154AD5F702303389AC6","14536","7/8/2026 8:44:21 PM"
"Charge.php","IDENTICAL","C:\Users\Future\chargeguard-woocommerce-backend\woocommerce-chargeguard\vendor\stripe-php\lib\Charge.php","3067B071FAA3DB740FE892A3391FCA263B6139258D9C1154AD5F702303389AC6","14536","5/11/2026 2:10:35 PM"
"Collection.php","IDENTICAL","C:\Users\Future\chargeguard-woocommerce-backend\chargeguard-space\woocommerce-chargeguard\vendor\stripe-php\lib\Collection.php","4BF6074E290FD6454E33FEFC93B82CEB90CFEE3C45A116A821C2CB03FC6B456E","8822","7/8/2026 8:44:21 PM"
"Collection.php","IDENTICAL","C:\Users\Future\chargeguard-woocommerce-backend\woocommerce-chargeguard\vendor\stripe-php\lib\Collection.php","4BF6074E290FD6454E33FEFC93B82CEB90CFEE3C45A116A821C2CB03FC6B456E","8822","5/11/2026 2:10:35 PM"
"ConfirmationToken.php","IDENTICAL","C:\Users\Future\chargeguard-woocommerce-backend\chargeguard-space\woocommerce-chargeguard\vendor\stripe-php\lib\ConfirmationToken.php","CBCA2B361FA4AD4FC7780CE5FF9E9A8107C4BA8BC410AC9EE398108AA01DF198","2976","7/8/2026 8:44:21 PM"
"ConfirmationToken.php","IDENTICAL","C:\Users\Future\chargeguard-woocommerce-backend\woocommerce-chargeguard\vendor\stripe-php\lib\ConfirmationToken.php","CBCA2B361FA4AD4FC7780CE5FF9E9A8107C4BA8BC410AC9EE398108AA01DF198","2976","5/11/2026 2:10:35 PM"
"ConnectCollectionTransfer.php","IDENTICAL","C:\Users\Future\chargeguard-woocommerce-backend\chargeguard-space\woocommerce-chargeguard\vendor\stripe-php\lib\ConnectCollectionTransfer.php","3B1C339E0DCBC5E0C88C19D1DB018559DC8EABBB7E8383BE2E5E2601CB86FB36","935","7/8/2026 8:44:21 PM"
"ConnectCollectionTransfer.php","IDENTICAL","C:\Users\Future\chargeguard-woocommerce-backend\woocommerce-chargeguard\vendor\stripe-php\lib\ConnectCollectionTransfer.php","3B1C339E0DCBC5E0C88C19D1DB018559DC8EABBB7E8383BE2E5E2601CB86FB36","935","5/11/2026 2:10:35 PM"
"CountrySpec.php","IDENTICAL","C:\Users\Future\chargeguard-woocommerce-backend\chargeguard-space\woocommerce-chargeguard\vendor\stripe-php\lib\CountrySpec.php","97B54391C01540BD9BFF833130C075CF2B29ED1D6F5F24D07E95F47CBF282969","1814","7/8/2026 8:44:21 PM"
"CountrySpec.php","IDENTICAL","C:\Users\Future\chargeguard-woocommerce-backend\woocommerce-chargeguard\vendor\stripe-php\lib\CountrySpec.php","97B54391C01540BD9BFF833130C075CF2B29ED1D6F5F24D07E95F47CBF282969","1814","5/11/2026 2:10:35 PM"
"Coupon.php","IDENTICAL","C:\Users\Future\chargeguard-woocommerce-backend\chargeguard-space\woocommerce-chargeguard\vendor\stripe-php\lib\Coupon.php","3C51F902D2593FEE5724E3A1F8AB34CE11A7DBD1FA03BE3BF28ECFA40893AC18","3702","7/8/2026 8:44:21 PM"
"Coupon.php","IDENTICAL","C:\Users\Future\chargeguard-woocommerce-backend\woocommerce-chargeguard\vendor\stripe-php\lib\Coupon.php","3C51F902D2593FEE5724E3A1F8AB34CE11A7DBD1FA03BE3BF28ECFA40893AC18","3702","5/11/2026 2:10:35 PM"
"CreditNote.php","IDENTICAL","C:\Users\Future\chargeguard-woocommerce-backend\chargeguard-space\woocommerce-chargeguard\vendor\stripe-php\lib\CreditNote.php","3C679AC300D672D6EDEC6C5A31A5C558D84AA7A3FF41598CDD4C0B9E3C0A153C","7530","7/8/2026 8:44:21 PM"
"CreditNote.php","IDENTICAL","C:\Users\Future\chargeguard-woocommerce-backend\woocommerce-chargeguard\vendor\stripe-php\lib\CreditNote.php","3C679AC300D672D6EDEC6C5A31A5C558D84AA7A3FF41598CDD4C0B9E3C0A153C","7530","5/11/2026 2:10:35 PM"
"CreditNoteLineItem.php","IDENTICAL","C:\Users\Future\chargeguard-woocommerce-backend\chargeguard-space\woocommerce-chargeguard\vendor\stripe-php\lib\CreditNoteLineItem.php","3D4534D291DF23E7E127679ADE626357833D1A2833022ED6CC0E45ECAAF7CCE0","2399","7/8/2026 8:44:21 PM"
"CreditNoteLineItem.php","IDENTICAL","C:\Users\Future\chargeguard-woocommerce-backend\woocommerce-chargeguard\vendor\stripe-php\lib\CreditNoteLineItem.php","3D4534D291DF23E7E127679ADE626357833D1A2833022ED6CC0E45ECAAF7CCE0","2399","5/11/2026 2:10:35 PM"
"Customer.php","IDENTICAL","C:\Users\Future\chargeguard-woocommerce-backend\chargeguard-space\woocommerce-chargeguard\vendor\stripe-php\lib\Customer.php","F81C81E5B1B3F990911E5048073015D6FBD083CE9FBC03D399DC6ECE66EA8ADC","18957","7/8/2026 8:44:21 PM"
"Customer.php","IDENTICAL","C:\Users\Future\chargeguard-woocommerce-backend\woocommerce-chargeguard\vendor\stripe-php\lib\Customer.php","F81C81E5B1B3F990911E5048073015D6FBD083CE9FBC03D399DC6ECE66EA8ADC","18957","5/11/2026 2:10:35 PM"
"CustomerBalanceTransaction.php","IDENTICAL","C:\Users\Future\chargeguard-woocommerce-backend\chargeguard-space\woocommerce-chargeguard\vendor\stripe-php\lib\CustomerBalanceTransaction.php","7F2A57F54E0C466D222091C2FB0A99B847F779A4C66CD8D0344B9B70D1EFB59D","5477","7/8/2026 8:44:21 PM"
"CustomerBalanceTransaction.php","IDENTICAL","C:\Users\Future\chargeguard-woocommerce-backend\woocommerce-chargeguard\vendor\stripe-php\lib\CustomerBalanceTransaction.php","7F2A57F54E0C466D222091C2FB0A99B847F779A4C66CD8D0344B9B70D1EFB59D","5477","5/11/2026 2:10:35 PM"
"CustomerCashBalanceTransaction.php","IDENTICAL","C:\Users\Future\chargeguard-woocommerce-backend\chargeguard-space\woocommerce-chargeguard\vendor\stripe-php\lib\CustomerCashBalanceTransaction.php","D4DB64FC35FF27B8AE6BFDAC1681B0FDCAF24C2E6F7F5C6E5AD09096DE085519","3041","7/8/2026 8:44:21 PM"
"CustomerCashBalanceTransaction.php","IDENTICAL","C:\Users\Future\chargeguard-woocommerce-backend\woocommerce-chargeguard\vendor\stripe-php\lib\CustomerCashBalanceTransaction.php","D4DB64FC35FF27B8AE6BFDAC1681B0FDCAF24C2E6F7F5C6E5AD09096DE085519","3041","5/11/2026 2:10:35 PM"
"CustomerSession.php","IDENTICAL","C:\Users\Future\chargeguard-woocommerce-backend\chargeguard-space\woocommerce-chargeguard\vendor\stripe-php\lib\CustomerSession.php","19424C8710845ADC8B9EE4623F5DF212C3606D9C0BF883A243F735235264E68B","1468","7/8/2026 8:44:21 PM"
"CustomerSession.php","IDENTICAL","C:\Users\Future\chargeguard-woocommerce-backend\woocommerce-chargeguard\vendor\stripe-php\lib\CustomerSession.php","19424C8710845ADC8B9EE4623F5DF212C3606D9C0BF883A243F735235264E68B","1468","5/11/2026 2:10:35 PM"
"Discount.php","IDENTICAL","C:\Users\Future\chargeguard-woocommerce-backend\chargeguard-space\woocommerce-chargeguard\vendor\stripe-php\lib\Discount.php","59C6E0212F986316F86C2D4D7293F5EE9F2115E858260004A932C78BF1AEFDF5","2933","7/8/2026 8:44:21 PM"
"Discount.php","IDENTICAL","C:\Users\Future\chargeguard-woocommerce-backend\woocommerce-chargeguard\vendor\stripe-php\lib\Discount.php","59C6E0212F986316F86C2D4D7293F5EE9F2115E858260004A932C78BF1AEFDF5","2933","5/11/2026 2:10:35 PM"
"Dispute.php","DIFFERENT","C:\Users\Future\chargeguard-woocommerce-backend\chargeguard-space\woocommerce-chargeguard\vendor\stripe-php\lib\Dispute.php","E45F3135B2BBB83C96E4CAF094AAEA5CDF7522C9E50E7A93FDC46757520B4EF8","5111","7/8/2026 8:44:21 PM"
"Dispute.php","DIFFERENT","C:\Users\Future\chargeguard-woocommerce-backend\chargeguard-space\woocommerce-chargeguard\vendor\stripe-php\lib\Issuing\Dispute.php","431151A74CDFC0080A07C90AC58CFD3AB574DB59C0B1A42D2A2668729BAB5C3A","2951","7/8/2026 8:44:21 PM"
"Dispute.php","DIFFERENT","C:\Users\Future\chargeguard-woocommerce-backend\woocommerce-chargeguard\vendor\stripe-php\lib\Dispute.php","E45F3135B2BBB83C96E4CAF094AAEA5CDF7522C9E50E7A93FDC46757520B4EF8","5111","5/11/2026 2:10:35 PM"
"Dispute.php","DIFFERENT","C:\Users\Future\chargeguard-woocommerce-backend\woocommerce-chargeguard\vendor\stripe-php\lib\Issuing\Dispute.php","431151A74CDFC0080A07C90AC58CFD3AB574DB59C0B1A42D2A2668729BAB5C3A","2951","5/11/2026 2:10:35 PM"
"EphemeralKey.php","IDENTICAL","C:\Users\Future\chargeguard-woocommerce-backend\chargeguard-space\woocommerce-chargeguard\vendor\stripe-php\lib\EphemeralKey.php","B96AF975D99EC1378EB71EA97ABFFFD37D9BEFD6782DFF69C33BB9390964080C","1594","7/8/2026 8:44:21 PM"
"EphemeralKey.php","IDENTICAL","C:\Users\Future\chargeguard-woocommerce-backend\woocommerce-chargeguard\vendor\stripe-php\lib\EphemeralKey.php","B96AF975D99EC1378EB71EA97ABFFFD37D9BEFD6782DFF69C33BB9390964080C","1594","5/11/2026 2:10:35 PM"
"ErrorObject.php","IDENTICAL","C:\Users\Future\chargeguard-woocommerce-backend\chargeguard-space\woocommerce-chargeguard\vendor\stripe-php\lib\ErrorObject.php","AB0D5958A3B492D19438A981E21628080337D6D5A321E5C48068F71C6F6A10F0","15807","7/8/2026 8:44:21 PM"
"ErrorObject.php","IDENTICAL","C:\Users\Future\chargeguard-woocommerce-backend\woocommerce-chargeguard\vendor\stripe-php\lib\ErrorObject.php","AB0D5958A3B492D19438A981E21628080337D6D5A321E5C48068F71C6F6A10F0","15807","5/11/2026 2:10:35 PM"
"Event.php","IDENTICAL","C:\Users\Future\chargeguard-woocommerce-backend\chargeguard-space\woocommerce-chargeguard\vendor\stripe-php\lib\Event.php","C76CDE65E07CC8753855C0345663703E1880D8AFB68D4EDB7B61198DDE8B6DD0","36612","7/8/2026 8:44:21 PM"
"Event.php","IDENTICAL","C:\Users\Future\chargeguard-woocommerce-backend\woocommerce-chargeguard\vendor\stripe-php\lib\Event.php","C76CDE65E07CC8753855C0345663703E1880D8AFB68D4EDB7B61198DDE8B6DD0","36612","5/11/2026 2:10:35 PM"
"ExchangeRate.php","IDENTICAL","C:\Users\Future\chargeguard-woocommerce-backend\chargeguard-space\woocommerce-chargeguard\vendor\stripe-php\lib\ExchangeRate.php","5B33DD0A3E5FFC53D3B3FD3B0194D49F82AE62975034835D81F8016D0CA528C8","2352","7/8/2026 8:44:21 PM"
"ExchangeRate.php","IDENTICAL","C:\Users\Future\chargeguard-woocommerce-backend\woocommerce-chargeguard\vendor\stripe-php\lib\ExchangeRate.php","5B33DD0A3E5FFC53D3B3FD3B0194D49F82AE62975034835D81F8016D0CA528C8","2352","5/11/2026 2:10:35 PM"
"File.php","IDENTICAL","C:\Users\Future\chargeguard-woocommerce-backend\chargeguard-space\woocommerce-chargeguard\vendor\stripe-php\lib\File.php","827614F01580BE9834CEA39ACD45ADA55F0BBEE49952014DD5D14E4DCE615E59","3906","7/8/2026 8:44:21 PM"
"File.php","IDENTICAL","C:\Users\Future\chargeguard-woocommerce-backend\woocommerce-chargeguard\vendor\stripe-php\lib\File.php","827614F01580BE9834CEA39ACD45ADA55F0BBEE49952014DD5D14E4DCE615E59","3906","5/11/2026 2:10:35 PM"
"FileLink.php","IDENTICAL","C:\Users\Future\chargeguard-woocommerce-backend\chargeguard-space\woocommerce-chargeguard\vendor\stripe-php\lib\FileLink.php","423F8C3E8594348EBBF83C33DBF3ADB249D9BCE5A59614FD220EFBD3477B76B0","1514","7/8/2026 8:44:21 PM"
"FileLink.php","IDENTICAL","C:\Users\Future\chargeguard-woocommerce-backend\woocommerce-chargeguard\vendor\stripe-php\lib\FileLink.php","423F8C3E8594348EBBF83C33DBF3ADB249D9BCE5A59614FD220EFBD3477B76B0","1514","5/11/2026 2:10:35 PM"
"FundingInstructions.php","IDENTICAL","C:\Users\Future\chargeguard-woocommerce-backend\chargeguard-space\woocommerce-chargeguard\vendor\stripe-php\lib\FundingInstructions.php","BFC1B3EB89B7C2203D98421D1E44D7E216C2086BA077890B60533D8CC3D22741","1413","7/8/2026 8:44:21 PM"
"FundingInstructions.php","IDENTICAL","C:\Users\Future\chargeguard-woocommerce-backend\woocommerce-chargeguard\vendor\stripe-php\lib\FundingInstructions.php","BFC1B3EB89B7C2203D98421D1E44D7E216C2086BA077890B60533D8CC3D22741","1413","5/11/2026 2:10:35 PM"
"Invoice.php","IDENTICAL","C:\Users\Future\chargeguard-woocommerce-backend\chargeguard-space\woocommerce-chargeguard\vendor\stripe-php\lib\Invoice.php","0E1FDB354993F11D096101063441593ED984A825A17BC04F02F95AFB528FF69A","24460","7/8/2026 8:44:21 PM"
"Invoice.php","IDENTICAL","C:\Users\Future\chargeguard-woocommerce-backend\woocommerce-chargeguard\vendor\stripe-php\lib\Invoice.php","0E1FDB354993F11D096101063441593ED984A825A17BC04F02F95AFB528FF69A","24460","5/11/2026 2:10:35 PM"
"InvoiceItem.php","IDENTICAL","C:\Users\Future\chargeguard-woocommerce-backend\chargeguard-space\woocommerce-chargeguard\vendor\stripe-php\lib\InvoiceItem.php","3B995A9EA76216920B26BD59EC6D28F9EB95B1A5D5595CE3A35B123D231B82A1","4676","7/8/2026 8:44:21 PM"
"InvoiceItem.php","IDENTICAL","C:\Users\Future\chargeguard-woocommerce-backend\woocommerce-chargeguard\vendor\stripe-php\lib\InvoiceItem.php","3B995A9EA76216920B26BD59EC6D28F9EB95B1A5D5595CE3A35B123D231B82A1","4676","5/11/2026 2:10:35 PM"
"InvoiceLineItem.php","IDENTICAL","C:\Users\Future\chargeguard-woocommerce-backend\chargeguard-space\woocommerce-chargeguard\vendor\stripe-php\lib\InvoiceLineItem.php","77BE12E01F72C34F3D8B1A83AB7D0196CABB7ABC2F03745F6F1A62FD71FBCC1D","3617","7/8/2026 8:44:21 PM"
"InvoiceLineItem.php","IDENTICAL","C:\Users\Future\chargeguard-woocommerce-backend\woocommerce-chargeguard\vendor\stripe-php\lib\InvoiceLineItem.php","77BE12E01F72C34F3D8B1A83AB7D0196CABB7ABC2F03745F6F1A62FD71FBCC1D","3617","5/11/2026 2:10:35 PM"
"LineItem.php","IDENTICAL","C:\Users\Future\chargeguard-woocommerce-backend\chargeguard-space\woocommerce-chargeguard\vendor\stripe-php\lib\LineItem.php","626426BD87B95A1D990A682A48221786320A14F734468D738AB96945830EAE7E","1403","7/8/2026 8:44:21 PM"
"LineItem.php","IDENTICAL","C:\Users\Future\chargeguard-woocommerce-backend\woocommerce-chargeguard\vendor\stripe-php\lib\LineItem.php","626426BD87B95A1D990A682A48221786320A14F734468D738AB96945830EAE7E","1403","5/11/2026 2:10:35 PM"
"LoginLink.php","IDENTICAL","C:\Users\Future\chargeguard-woocommerce-backend\chargeguard-space\woocommerce-chargeguard\vendor\stripe-php\lib\LoginLink.php","10FFD08866D35499125A26ACA74E7F3A597968B0FB376DD2E62A7D0E960AFA35","544","7/8/2026 8:44:21 PM"
"LoginLink.php","IDENTICAL","C:\Users\Future\chargeguard-woocommerce-backend\woocommerce-chargeguard\vendor\stripe-php\lib\LoginLink.php","10FFD08866D35499125A26ACA74E7F3A597968B0FB376DD2E62A7D0E960AFA35","544","5/11/2026 2:10:35 PM"
"Mandate.php","IDENTICAL","C:\Users\Future\chargeguard-woocommerce-backend\chargeguard-space\woocommerce-chargeguard\vendor\stripe-php\lib\Mandate.php","757AA91ABA57E9A8EC4E6F7A09902CACFEB916E289972A177F9C53366AB7F6FE","1434","7/8/2026 8:44:21 PM"
"Mandate.php","IDENTICAL","C:\Users\Future\chargeguard-woocommerce-backend\woocommerce-chargeguard\vendor\stripe-php\lib\Mandate.php","757AA91ABA57E9A8EC4E6F7A09902CACFEB916E289972A177F9C53366AB7F6FE","1434","5/11/2026 2:10:35 PM"
"OAuth.php","IDENTICAL","C:\Users\Future\chargeguard-woocommerce-backend\chargeguard-space\woocommerce-chargeguard\vendor\stripe-php\lib\OAuth.php","4162387A7740E55908D1E78F5862F6109397EB02D27D7B9CAC42F739FA5609F9","3494","7/8/2026 8:44:21 PM"
"OAuth.php","IDENTICAL","C:\Users\Future\chargeguard-woocommerce-backend\woocommerce-chargeguard\vendor\stripe-php\lib\OAuth.php","4162387A7740E55908D1E78F5862F6109397EB02D27D7B9CAC42F739FA5609F9","3494","5/11/2026 2:10:35 PM"
"OAuthErrorObject.php","IDENTICAL","C:\Users\Future\chargeguard-woocommerce-backend\chargeguard-space\woocommerce-chargeguard\vendor\stripe-php\lib\OAuthErrorObject.php","2606A9F036FAA07E6DFD6FEF4663ABFF2FB18B8E44FA2BAB69594B6944CF0E2A","892","7/8/2026 8:44:21 PM"
"OAuthErrorObject.php","IDENTICAL","C:\Users\Future\chargeguard-woocommerce-backend\woocommerce-chargeguard\vendor\stripe-php\lib\OAuthErrorObject.php","2606A9F036FAA07E6DFD6FEF4663ABFF2FB18B8E44FA2BAB69594B6944CF0E2A","892","5/11/2026 2:10:35 PM"
"PaymentIntent.php","IDENTICAL","C:\Users\Future\chargeguard-woocommerce-backend\chargeguard-space\woocommerce-chargeguard\vendor\stripe-php\lib\PaymentIntent.php","146236279783AE15F74B7079B2AAA3E456CB80911CCD68CA9CE4A5A84BF2FA4A","15382","7/8/2026 8:44:21 PM"
"PaymentIntent.php","IDENTICAL","C:\Users\Future\chargeguard-woocommerce-backend\woocommerce-chargeguard\vendor\stripe-php\lib\PaymentIntent.php","146236279783AE15F74B7079B2AAA3E456CB80911CCD68CA9CE4A5A84BF2FA4A","15382","5/11/2026 2:10:35 PM"
"PaymentLink.php","IDENTICAL","C:\Users\Future\chargeguard-woocommerce-backend\chargeguard-space\woocommerce-chargeguard\vendor\stripe-php\lib\PaymentLink.php","BCAFBC9D53E8553D176136D964E96BDEF681AE6645FDBB64F93BFE31D26A2BDA","6634","7/8/2026 8:44:21 PM"
"PaymentLink.php","IDENTICAL","C:\Users\Future\chargeguard-woocommerce-backend\woocommerce-chargeguard\vendor\stripe-php\lib\PaymentLink.php","BCAFBC9D53E8553D176136D964E96BDEF681AE6645FDBB64F93BFE31D26A2BDA","6634","5/11/2026 2:10:35 PM"
"PaymentMethod.php","IDENTICAL","C:\Users\Future\chargeguard-woocommerce-backend\chargeguard-space\woocommerce-chargeguard\vendor\stripe-php\lib\PaymentMethod.php","9CEE5CEDCCC6540FEAE0E96D3219C13FB2F5B2FF89786A03492C18A1DD4D67E2","6343","7/8/2026 8:44:21 PM"
"PaymentMethod.php","IDENTICAL","C:\Users\Future\chargeguard-woocommerce-backend\woocommerce-chargeguard\vendor\stripe-php\lib\PaymentMethod.php","9CEE5CEDCCC6540FEAE0E96D3219C13FB2F5B2FF89786A03492C18A1DD4D67E2","6343","5/11/2026 2:10:35 PM"
"PaymentMethodConfiguration.php","IDENTICAL","C:\Users\Future\chargeguard-woocommerce-backend\chargeguard-space\woocommerce-chargeguard\vendor\stripe-php\lib\PaymentMethodConfiguration.php","F557D47A013FE1C3EF2454AD6A25C0FF97A68BC026978D2A82B41DCAEA91DEE0","4789","7/8/2026 8:44:21 PM"
"PaymentMethodConfiguration.php","IDENTICAL","C:\Users\Future\chargeguard-woocommerce-backend\woocommerce-chargeguard\vendor\stripe-php\lib\PaymentMethodConfiguration.php","F557D47A013FE1C3EF2454AD6A25C0FF97A68BC026978D2A82B41DCAEA91DEE0","4789","5/11/2026 2:10:35 PM"
"PaymentMethodDomain.php","IDENTICAL","C:\Users\Future\chargeguard-woocommerce-backend\chargeguard-space\woocommerce-chargeguard\vendor\stripe-php\lib\PaymentMethodDomain.php","55589FD008B082E73A88CF0B4DA5482AF8A3D45EFF7170DE61E10B816ACE6AC4","2404","7/8/2026 8:44:21 PM"
"PaymentMethodDomain.php","IDENTICAL","C:\Users\Future\chargeguard-woocommerce-backend\woocommerce-chargeguard\vendor\stripe-php\lib\PaymentMethodDomain.php","55589FD008B082E73A88CF0B4DA5482AF8A3D45EFF7170DE61E10B816ACE6AC4","2404","5/11/2026 2:10:35 PM"
"Payout.php","IDENTICAL","C:\Users\Future\chargeguard-woocommerce-backend\chargeguard-space\woocommerce-chargeguard\vendor\stripe-php\lib\Payout.php","20F016BE4DCD5AF373CD996F8B8607406BA3AF02856B4BB60F9A471BB1058E89","7635","7/8/2026 8:44:21 PM"
"Payout.php","IDENTICAL","C:\Users\Future\chargeguard-woocommerce-backend\woocommerce-chargeguard\vendor\stripe-php\lib\Payout.php","20F016BE4DCD5AF373CD996F8B8607406BA3AF02856B4BB60F9A471BB1058E89","7635","5/11/2026 2:10:35 PM"
"Person.php","IDENTICAL","C:\Users\Future\chargeguard-woocommerce-backend\chargeguard-space\woocommerce-chargeguard\vendor\stripe-php\lib\Person.php","EFA03B94D6AA806F9BE3DCE1F6993F175DDD69FE3F531BBEA53397B27F535DC8","6455","7/8/2026 8:44:21 PM"
"Person.php","IDENTICAL","C:\Users\Future\chargeguard-woocommerce-backend\woocommerce-chargeguard\vendor\stripe-php\lib\Person.php","EFA03B94D6AA806F9BE3DCE1F6993F175DDD69FE3F531BBEA53397B27F535DC8","6455","5/11/2026 2:10:35 PM"
"Plan.php","IDENTICAL","C:\Users\Future\chargeguard-woocommerce-backend\chargeguard-space\woocommerce-chargeguard\vendor\stripe-php\lib\Plan.php","DDC7A39E026DD039C242ECCB1985E49FDFE584774A1B1A1CC95E369236B04DE0","6464","7/8/2026 8:44:21 PM"
"Plan.php","IDENTICAL","C:\Users\Future\chargeguard-woocommerce-backend\woocommerce-chargeguard\vendor\stripe-php\lib\Plan.php","DDC7A39E026DD039C242ECCB1985E49FDFE584774A1B1A1CC95E369236B04DE0","6464","5/11/2026 2:10:35 PM"
"PlatformTaxFee.php","IDENTICAL","C:\Users\Future\chargeguard-woocommerce-backend\chargeguard-space\woocommerce-chargeguard\vendor\stripe-php\lib\PlatformTaxFee.php","88057CAC3EE1B40909B672BCC2FC08EE09BD261E5158362E5D81185905F238CD","577","7/8/2026 8:44:21 PM"
"PlatformTaxFee.php","IDENTICAL","C:\Users\Future\chargeguard-woocommerce-backend\woocommerce-chargeguard\vendor\stripe-php\lib\PlatformTaxFee.php","88057CAC3EE1B40909B672BCC2FC08EE09BD261E5158362E5D81185905F238CD","577","5/11/2026 2:10:35 PM"
"Price.php","IDENTICAL","C:\Users\Future\chargeguard-woocommerce-backend\chargeguard-space\woocommerce-chargeguard\vendor\stripe-php\lib\Price.php","8D06FACD116209D2616413F1EB4B6DE36381E37AC86F8E6A081DE9C2757A9A6D","6565","7/8/2026 8:44:21 PM"
"Price.php","IDENTICAL","C:\Users\Future\chargeguard-woocommerce-backend\woocommerce-chargeguard\vendor\stripe-php\lib\Price.php","8D06FACD116209D2616413F1EB4B6DE36381E37AC86F8E6A081DE9C2757A9A6D","6565","5/11/2026 2:10:35 PM"
"Product.php","DIFFERENT","C:\Users\Future\chargeguard-woocommerce-backend\chargeguard-space\woocommerce-chargeguard\vendor\stripe-php\lib\Product.php","92730D26F897FAA88FE1C655DDE6462E629F66852734476AE7D87F262EED4F61","6770","7/8/2026 8:44:21 PM"
"Product.php","DIFFERENT","C:\Users\Future\chargeguard-woocommerce-backend\chargeguard-space\woocommerce-chargeguard\vendor\stripe-php\lib\Climate\Product.php","F76921805F048626ADFFABA5812DA8EB665475A74FC2B378A27DA6156E8B42C3","1658","7/8/2026 8:44:21 PM"
"Product.php","DIFFERENT","C:\Users\Future\chargeguard-woocommerce-backend\woocommerce-chargeguard\vendor\stripe-php\lib\Product.php","92730D26F897FAA88FE1C655DDE6462E629F66852734476AE7D87F262EED4F61","6770","5/11/2026 2:10:35 PM"
"Product.php","DIFFERENT","C:\Users\Future\chargeguard-woocommerce-backend\woocommerce-chargeguard\vendor\stripe-php\lib\Climate\Product.php","F76921805F048626ADFFABA5812DA8EB665475A74FC2B378A27DA6156E8B42C3","1658","5/11/2026 2:10:35 PM"
"ProductFeature.php","IDENTICAL","C:\Users\Future\chargeguard-woocommerce-backend\chargeguard-space\woocommerce-chargeguard\vendor\stripe-php\lib\ProductFeature.php","F91E5B3A5738C7685EA256849EC6C372B91A929EC86E594DADAE7C2BF7E7A5E2","1029","7/8/2026 8:44:21 PM"
"ProductFeature.php","IDENTICAL","C:\Users\Future\chargeguard-woocommerce-backend\woocommerce-chargeguard\vendor\stripe-php\lib\ProductFeature.php","F91E5B3A5738C7685EA256849EC6C372B91A929EC86E594DADAE7C2BF7E7A5E2","1029","5/11/2026 2:10:35 PM"
"PromotionCode.php","IDENTICAL","C:\Users\Future\chargeguard-woocommerce-backend\chargeguard-space\woocommerce-chargeguard\vendor\stripe-php\lib\PromotionCode.php","783E66E41B28EFB896001DDE8D276B8AF5446F1B915CBA56702498E149E60875","2551","7/8/2026 8:44:21 PM"
"PromotionCode.php","IDENTICAL","C:\Users\Future\chargeguard-woocommerce-backend\woocommerce-chargeguard\vendor\stripe-php\lib\PromotionCode.php","783E66E41B28EFB896001DDE8D276B8AF5446F1B915CBA56702498E149E60875","2551","5/11/2026 2:10:35 PM"
"Quote.php","IDENTICAL","C:\Users\Future\chargeguard-woocommerce-backend\chargeguard-space\woocommerce-chargeguard\vendor\stripe-php\lib\Quote.php","0725DDA5220976F7DAD984F43B6286FC47AB2DCF1B8C1A81CFACFFD322C8FC9F","9208","7/8/2026 8:44:21 PM"
"Quote.php","IDENTICAL","C:\Users\Future\chargeguard-woocommerce-backend\woocommerce-chargeguard\vendor\stripe-php\lib\Quote.php","0725DDA5220976F7DAD984F43B6286FC47AB2DCF1B8C1A81CFACFFD322C8FC9F","9208","5/11/2026 2:10:35 PM"
"RecipientTransfer.php","IDENTICAL","C:\Users\Future\chargeguard-woocommerce-backend\chargeguard-space\woocommerce-chargeguard\vendor\stripe-php\lib\RecipientTransfer.php","63050E7A8DA62776621DB5EE34040A9FB2E3B6D4C2C16C2B74BEE03AF73C3A56","954","7/8/2026 8:44:21 PM"
"RecipientTransfer.php","IDENTICAL","C:\Users\Future\chargeguard-woocommerce-backend\woocommerce-chargeguard\vendor\stripe-php\lib\RecipientTransfer.php","63050E7A8DA62776621DB5EE34040A9FB2E3B6D4C2C16C2B74BEE03AF73C3A56","954","5/11/2026 2:10:35 PM"
"Refund.php","IDENTICAL","C:\Users\Future\chargeguard-woocommerce-backend\chargeguard-space\woocommerce-chargeguard\vendor\stripe-php\lib\Refund.php","DE7919B04A658F6EA8A60A55CD9A03DB85CF67C88606B10CA126B8C9B3C2C653","4995","7/8/2026 8:44:21 PM"
"Refund.php","IDENTICAL","C:\Users\Future\chargeguard-woocommerce-backend\woocommerce-chargeguard\vendor\stripe-php\lib\Refund.php","DE7919B04A658F6EA8A60A55CD9A03DB85CF67C88606B10CA126B8C9B3C2C653","4995","5/11/2026 2:10:35 PM"
"RequestTelemetry.php","IDENTICAL","C:\Users\Future\chargeguard-woocommerce-backend\chargeguard-space\woocommerce-chargeguard\vendor\stripe-php\lib\RequestTelemetry.php","2B0320DFF7884CFCAEE5026A6744718D1606DE061C9F632462BF2313592FA356","788","7/8/2026 8:44:21 PM"
"RequestTelemetry.php","IDENTICAL","C:\Users\Future\chargeguard-woocommerce-backend\woocommerce-chargeguard\vendor\stripe-php\lib\RequestTelemetry.php","2B0320DFF7884CFCAEE5026A6744718D1606DE061C9F632462BF2313592FA356","788","5/11/2026 2:10:35 PM"
"ReserveTransaction.php","IDENTICAL","C:\Users\Future\chargeguard-woocommerce-backend\chargeguard-space\woocommerce-chargeguard\vendor\stripe-php\lib\ReserveTransaction.php","F198C9C5190041D369A7AC63B747DDA64CE9B7E18FA876FBDF3F925734DA9A30","723","7/8/2026 8:44:21 PM"
"ReserveTransaction.php","IDENTICAL","C:\Users\Future\chargeguard-woocommerce-backend\woocommerce-chargeguard\vendor\stripe-php\lib\ReserveTransaction.php","F198C9C5190041D369A7AC63B747DDA64CE9B7E18FA876FBDF3F925734DA9A30","723","5/11/2026 2:10:35 PM"
"Review.php","IDENTICAL","C:\Users\Future\chargeguard-woocommerce-backend\chargeguard-space\woocommerce-chargeguard\vendor\stripe-php\lib\Review.php","73209BAEE3A3320D3F07AC48C2C2750771D0547BD332FE5D4E5FAFF33218C24B","3838","7/8/2026 8:44:21 PM"
"Review.php","IDENTICAL","C:\Users\Future\chargeguard-woocommerce-backend\woocommerce-chargeguard\vendor\stripe-php\lib\Review.php","73209BAEE3A3320D3F07AC48C2C2750771D0547BD332FE5D4E5FAFF33218C24B","3838","5/11/2026 2:10:35 PM"
"SearchResult.php","IDENTICAL","C:\Users\Future\chargeguard-woocommerce-backend\chargeguard-space\woocommerce-chargeguard\vendor\stripe-php\lib\SearchResult.php","D3A061152E42F3AF2CAEA1B46B53F23B289E4E484C346C4A7CC34349950670D4","6789","7/8/2026 8:44:21 PM"
"SearchResult.php","IDENTICAL","C:\Users\Future\chargeguard-woocommerce-backend\woocommerce-chargeguard\vendor\stripe-php\lib\SearchResult.php","D3A061152E42F3AF2CAEA1B46B53F23B289E4E484C346C4A7CC34349950670D4","6789","5/11/2026 2:10:35 PM"
"SetupAttempt.php","IDENTICAL","C:\Users\Future\chargeguard-woocommerce-backend\chargeguard-space\woocommerce-chargeguard\vendor\stripe-php\lib\SetupAttempt.php","5F5BE330C56CA6B91873AB43D7F5D435E4BA36EDE49B98684FEB82194AE87B8B","3332","7/8/2026 8:44:21 PM"
"SetupAttempt.php","IDENTICAL","C:\Users\Future\chargeguard-woocommerce-backend\woocommerce-chargeguard\vendor\stripe-php\lib\SetupAttempt.php","5F5BE330C56CA6B91873AB43D7F5D435E4BA36EDE49B98684FEB82194AE87B8B","3332","5/11/2026 2:10:36 PM"
"SetupIntent.php","IDENTICAL","C:\Users\Future\chargeguard-woocommerce-backend\chargeguard-space\woocommerce-chargeguard\vendor\stripe-php\lib\SetupIntent.php","A3F927FA1ED0B21B00FD923384500B8FDC9C959E3B3E82BD026E0199C95C66C3","9081","7/8/2026 8:44:21 PM"
"SetupIntent.php","IDENTICAL","C:\Users\Future\chargeguard-woocommerce-backend\woocommerce-chargeguard\vendor\stripe-php\lib\SetupIntent.php","A3F927FA1ED0B21B00FD923384500B8FDC9C959E3B3E82BD026E0199C95C66C3","9081","5/11/2026 2:10:36 PM"
"ShippingRate.php","IDENTICAL","C:\Users\Future\chargeguard-woocommerce-backend\chargeguard-space\woocommerce-chargeguard\vendor\stripe-php\lib\ShippingRate.php","C5DFCD43F82461F0FF03B9444009FB25BDE5E619D9AD63842564A5D1F9FD9519","2448","7/8/2026 8:44:21 PM"
"ShippingRate.php","IDENTICAL","C:\Users\Future\chargeguard-woocommerce-backend\woocommerce-chargeguard\vendor\stripe-php\lib\ShippingRate.php","C5DFCD43F82461F0FF03B9444009FB25BDE5E619D9AD63842564A5D1F9FD9519","2448","5/11/2026 2:10:36 PM"
"SingletonApiResource.php","IDENTICAL","C:\Users\Future\chargeguard-woocommerce-backend\chargeguard-space\woocommerce-chargeguard\vendor\stripe-php\lib\SingletonApiResource.php","4E4D0BE2D2D37423D88F1AC9872B9E3DD6EAFF4941E651D03714F6DB430E7705","755","7/8/2026 8:44:21 PM"
"SingletonApiResource.php","IDENTICAL","C:\Users\Future\chargeguard-woocommerce-backend\woocommerce-chargeguard\vendor\stripe-php\lib\SingletonApiResource.php","4E4D0BE2D2D37423D88F1AC9872B9E3DD6EAFF4941E651D03714F6DB430E7705","755","5/11/2026 2:10:36 PM"
"Source.php","IDENTICAL","C:\Users\Future\chargeguard-woocommerce-backend\chargeguard-space\woocommerce-chargeguard\vendor\stripe-php\lib\Source.php","C11F50A28DAC558D197779BC89596AB76A23B894DF2B78D73CB6323AFBCB3A24","9464","7/8/2026 8:44:21 PM"
"Source.php","IDENTICAL","C:\Users\Future\chargeguard-woocommerce-backend\woocommerce-chargeguard\vendor\stripe-php\lib\Source.php","C11F50A28DAC558D197779BC89596AB76A23B894DF2B78D73CB6323AFBCB3A24","9464","5/11/2026 2:10:36 PM"
"SourceMandateNotification.php","IDENTICAL","C:\Users\Future\chargeguard-woocommerce-backend\chargeguard-space\woocommerce-chargeguard\vendor\stripe-php\lib\SourceMandateNotification.php","7C678DFD7A93DEB89645617D8F84C130189C1BD04C4731841AB5FDD8DDD80C8B","2631","7/8/2026 8:44:21 PM"
"SourceMandateNotification.php","IDENTICAL","C:\Users\Future\chargeguard-woocommerce-backend\woocommerce-chargeguard\vendor\stripe-php\lib\SourceMandateNotification.php","7C678DFD7A93DEB89645617D8F84C130189C1BD04C4731841AB5FDD8DDD80C8B","2631","5/11/2026 2:10:36 PM"
"SourceTransaction.php","IDENTICAL","C:\Users\Future\chargeguard-woocommerce-backend\chargeguard-space\woocommerce-chargeguard\vendor\stripe-php\lib\SourceTransaction.php","AB0993A7966575EA3F43D941E2D224DD8B5CAA3B17809A950050B1BC33CB98AB","2548","7/8/2026 8:44:21 PM"
"SourceTransaction.php","IDENTICAL","C:\Users\Future\chargeguard-woocommerce-backend\woocommerce-chargeguard\vendor\stripe-php\lib\SourceTransaction.php","AB0993A7966575EA3F43D941E2D224DD8B5CAA3B17809A950050B1BC33CB98AB","2548","5/11/2026 2:10:36 PM"
"Stripe.php","IDENTICAL","C:\Users\Future\chargeguard-woocommerce-backend\chargeguard-space\woocommerce-chargeguard\vendor\stripe-php\lib\Stripe.php","7A0D0E46415BF52BAFE046AF6DF8E12FB298E24F1AC001F67D9CD69ED7635EAA","7500","7/8/2026 8:44:21 PM"
"Stripe.php","IDENTICAL","C:\Users\Future\chargeguard-woocommerce-backend\woocommerce-chargeguard\vendor\stripe-php\lib\Stripe.php","7A0D0E46415BF52BAFE046AF6DF8E12FB298E24F1AC001F67D9CD69ED7635EAA","7500","5/11/2026 2:10:36 PM"
"StripeClient.php","IDENTICAL","C:\Users\Future\chargeguard-woocommerce-backend\chargeguard-space\woocommerce-chargeguard\vendor\stripe-php\lib\StripeClient.php","5300E6A6BA5D5C9613ECB03BEE9F260D63AAFC7CBD73E37D5E2AC781485B61DC","5098","7/8/2026 8:44:21 PM"
"StripeClient.php","IDENTICAL","C:\Users\Future\chargeguard-woocommerce-backend\woocommerce-chargeguard\vendor\stripe-php\lib\StripeClient.php","5300E6A6BA5D5C9613ECB03BEE9F260D63AAFC7CBD73E37D5E2AC781485B61DC","5098","5/11/2026 2:10:36 PM"
"StripeClientInterface.php","IDENTICAL","C:\Users\Future\chargeguard-woocommerce-backend\chargeguard-space\woocommerce-chargeguard\vendor\stripe-php\lib\StripeClientInterface.php","A986DFBADA6BD2C5A57472494A17F673DB5FD791863DEEBF330C6931CF98F771","622","7/8/2026 8:44:21 PM"
"StripeClientInterface.php","IDENTICAL","C:\Users\Future\chargeguard-woocommerce-backend\woocommerce-chargeguard\vendor\stripe-php\lib\StripeClientInterface.php","A986DFBADA6BD2C5A57472494A17F673DB5FD791863DEEBF330C6931CF98F771","622","5/11/2026 2:10:36 PM"
"StripeObject.php","IDENTICAL","C:\Users\Future\chargeguard-woocommerce-backend\chargeguard-space\woocommerce-chargeguard\vendor\stripe-php\lib\StripeObject.php","02563362B9658254116F24FC587C06C34843BFED964EE9902608FF7A09B4BF1E","19929","7/8/2026 8:44:21 PM"
"StripeObject.php","IDENTICAL","C:\Users\Future\chargeguard-woocommerce-backend\woocommerce-chargeguard\vendor\stripe-php\lib\StripeObject.php","02563362B9658254116F24FC587C06C34843BFED964EE9902608FF7A09B4BF1E","19929","5/11/2026 2:10:36 PM"
"StripeStreamingClientInterface.php","IDENTICAL","C:\Users\Future\chargeguard-woocommerce-backend\chargeguard-space\woocommerce-chargeguard\vendor\stripe-php\lib\StripeStreamingClientInterface.php","82CA16DCDB4F72B066A4830B0B63CF95CCDB15975F15BB55DFE53270DA924860","249","7/8/2026 8:44:21 PM"
"StripeStreamingClientInterface.php","IDENTICAL","C:\Users\Future\chargeguard-woocommerce-backend\woocommerce-chargeguard\vendor\stripe-php\lib\StripeStreamingClientInterface.php","82CA16DCDB4F72B066A4830B0B63CF95CCDB15975F15BB55DFE53270DA924860","249","5/11/2026 2:10:36 PM"
"Subscription.php","IDENTICAL","C:\Users\Future\chargeguard-woocommerce-backend\chargeguard-space\woocommerce-chargeguard\vendor\stripe-php\lib\Subscription.php","2718338685CEF705AADA3D689EC810C1AAD79706ABE1C5CBDDFD84359E4AC900","15773","7/8/2026 8:44:21 PM"
"Subscription.php","IDENTICAL","C:\Users\Future\chargeguard-woocommerce-backend\woocommerce-chargeguard\vendor\stripe-php\lib\Subscription.php","2718338685CEF705AADA3D689EC810C1AAD79706ABE1C5CBDDFD84359E4AC900","15773","5/11/2026 2:10:36 PM"
"SubscriptionItem.php","IDENTICAL","C:\Users\Future\chargeguard-woocommerce-backend\chargeguard-space\woocommerce-chargeguard\vendor\stripe-php\lib\SubscriptionItem.php","FCA5E2B19F87D96E349BA39BA27C316B46810CD711D94496B1BE64549933403B","5203","7/8/2026 8:44:21 PM"
"SubscriptionItem.php","IDENTICAL","C:\Users\Future\chargeguard-woocommerce-backend\woocommerce-chargeguard\vendor\stripe-php\lib\SubscriptionItem.php","FCA5E2B19F87D96E349BA39BA27C316B46810CD711D94496B1BE64549933403B","5203","5/11/2026 2:10:36 PM"
"SubscriptionSchedule.php","IDENTICAL","C:\Users\Future\chargeguard-woocommerce-backend\chargeguard-space\woocommerce-chargeguard\vendor\stripe-php\lib\SubscriptionSchedule.php","30E124D48183FD54F4937D2481009D94C73856F0263B1791EA3F6781449CC59C","4849","7/8/2026 8:44:21 PM"
"SubscriptionSchedule.php","IDENTICAL","C:\Users\Future\chargeguard-woocommerce-backend\woocommerce-chargeguard\vendor\stripe-php\lib\SubscriptionSchedule.php","30E124D48183FD54F4937D2481009D94C73856F0263B1791EA3F6781449CC59C","4849","5/11/2026 2:10:36 PM"
"TaxCode.php","IDENTICAL","C:\Users\Future\chargeguard-woocommerce-backend\chargeguard-space\woocommerce-chargeguard\vendor\stripe-php\lib\TaxCode.php","2582A046D4F99885782551682A1140945BE7024DE283F0C785790F6BDE5C631D","686","7/8/2026 8:44:21 PM"
"TaxCode.php","IDENTICAL","C:\Users\Future\chargeguard-woocommerce-backend\woocommerce-chargeguard\vendor\stripe-php\lib\TaxCode.php","2582A046D4F99885782551682A1140945BE7024DE283F0C785790F6BDE5C631D","686","5/11/2026 2:10:36 PM"
"TaxDeductedAtSource.php","IDENTICAL","C:\Users\Future\chargeguard-woocommerce-backend\chargeguard-space\woocommerce-chargeguard\vendor\stripe-php\lib\TaxDeductedAtSource.php","A06FE4CA26DD8BC55106B2106D49BC2C682EC13BE308F90543860811C23008F2","744","7/8/2026 8:44:21 PM"
"TaxDeductedAtSource.php","IDENTICAL","C:\Users\Future\chargeguard-woocommerce-backend\woocommerce-chargeguard\vendor\stripe-php\lib\TaxDeductedAtSource.php","A06FE4CA26DD8BC55106B2106D49BC2C682EC13BE308F90543860811C23008F2","744","5/11/2026 2:10:36 PM"
"TaxId.php","IDENTICAL","C:\Users\Future\chargeguard-woocommerce-backend\chargeguard-space\woocommerce-chargeguard\vendor\stripe-php\lib\TaxId.php","09D28E3A18613BA1C4507FB4415DFB32F0A97F072EE5E41A182399FEB51B06EB","5725","7/8/2026 8:44:21 PM"
"TaxId.php","IDENTICAL","C:\Users\Future\chargeguard-woocommerce-backend\woocommerce-chargeguard\vendor\stripe-php\lib\TaxId.php","09D28E3A18613BA1C4507FB4415DFB32F0A97F072EE5E41A182399FEB51B06EB","5725","5/11/2026 2:10:36 PM"
"TaxRate.php","IDENTICAL","C:\Users\Future\chargeguard-woocommerce-backend\chargeguard-space\woocommerce-chargeguard\vendor\stripe-php\lib\TaxRate.php","C2C0D203F5A020F7CCA6590B8A2A04E1A7165783C8E56E188CB8227E1CC47AE8","4193","7/8/2026 8:44:21 PM"
"TaxRate.php","IDENTICAL","C:\Users\Future\chargeguard-woocommerce-backend\woocommerce-chargeguard\vendor\stripe-php\lib\TaxRate.php","C2C0D203F5A020F7CCA6590B8A2A04E1A7165783C8E56E188CB8227E1CC47AE8","4193","5/11/2026 2:10:36 PM"
"Token.php","DIFFERENT","C:\Users\Future\chargeguard-woocommerce-backend\chargeguard-space\woocommerce-chargeguard\vendor\stripe-php\lib\Token.php","700A03814922657105E502CC208E9F536E26ABCDA4CCB51134B645FA8B0D8535","3508","7/8/2026 8:44:21 PM"
"Token.php","DIFFERENT","C:\Users\Future\chargeguard-woocommerce-backend\chargeguard-space\woocommerce-chargeguard\vendor\stripe-php\lib\Issuing\Token.php","4F4D6B4918BCF3381595B621623220755FD6AA08DD2691BB77EE4DD8763F58ED","2167","7/8/2026 8:44:21 PM"
"Token.php","DIFFERENT","C:\Users\Future\chargeguard-woocommerce-backend\woocommerce-chargeguard\vendor\stripe-php\lib\Token.php","700A03814922657105E502CC208E9F536E26ABCDA4CCB51134B645FA8B0D8535","3508","5/11/2026 2:10:36 PM"
"Token.php","DIFFERENT","C:\Users\Future\chargeguard-woocommerce-backend\woocommerce-chargeguard\vendor\stripe-php\lib\Issuing\Token.php","4F4D6B4918BCF3381595B621623220755FD6AA08DD2691BB77EE4DD8763F58ED","2167","5/11/2026 2:10:35 PM"
"Topup.php","IDENTICAL","C:\Users\Future\chargeguard-woocommerce-backend\chargeguard-space\woocommerce-chargeguard\vendor\stripe-php\lib\Topup.php","5F3D43576A2EA22610ED541305A99FE5BEF1FA44688B0E04950494EDB49C42BB","3707","7/8/2026 8:44:21 PM"
"Topup.php","IDENTICAL","C:\Users\Future\chargeguard-woocommerce-backend\woocommerce-chargeguard\vendor\stripe-php\lib\Topup.php","5F3D43576A2EA22610ED541305A99FE5BEF1FA44688B0E04950494EDB49C42BB","3707","5/11/2026 2:10:36 PM"
"Transfer.php","IDENTICAL","C:\Users\Future\chargeguard-woocommerce-backend\chargeguard-space\woocommerce-chargeguard\vendor\stripe-php\lib\Transfer.php","D48B96FDC0C023D98AE8C177C7AF00DE7CD6556B4C43670E55B4C26BEC9D0FC7","6001","7/8/2026 8:44:21 PM"
"Transfer.php","IDENTICAL","C:\Users\Future\chargeguard-woocommerce-backend\woocommerce-chargeguard\vendor\stripe-php\lib\Transfer.php","D48B96FDC0C023D98AE8C177C7AF00DE7CD6556B4C43670E55B4C26BEC9D0FC7","6001","5/11/2026 2:10:36 PM"
"TransferReversal.php","IDENTICAL","C:\Users\Future\chargeguard-woocommerce-backend\chargeguard-space\woocommerce-chargeguard\vendor\stripe-php\lib\TransferReversal.php","5A3AFFBB783AE76B62DE11A1EEBAA31BE1DE344D1620A971693107D919C2FF7F","3440","7/8/2026 8:44:21 PM"
"TransferReversal.php","IDENTICAL","C:\Users\Future\chargeguard-woocommerce-backend\woocommerce-chargeguard\vendor\stripe-php\lib\TransferReversal.php","5A3AFFBB783AE76B62DE11A1EEBAA31BE1DE344D1620A971693107D919C2FF7F","3440","5/11/2026 2:10:36 PM"
"UsageRecord.php","IDENTICAL","C:\Users\Future\chargeguard-woocommerce-backend\chargeguard-space\woocommerce-chargeguard\vendor\stripe-php\lib\UsageRecord.php","9786D666E5CF22BEFED4F3B1BE569292213B58ED2398B7DDA4A7CA6D2B867F94","996","7/8/2026 8:44:21 PM"
"UsageRecord.php","IDENTICAL","C:\Users\Future\chargeguard-woocommerce-backend\woocommerce-chargeguard\vendor\stripe-php\lib\UsageRecord.php","9786D666E5CF22BEFED4F3B1BE569292213B58ED2398B7DDA4A7CA6D2B867F94","996","5/11/2026 2:10:36 PM"
"UsageRecordSummary.php","IDENTICAL","C:\Users\Future\chargeguard-woocommerce-backend\chargeguard-space\woocommerce-chargeguard\vendor\stripe-php\lib\UsageRecordSummary.php","F23112E7C348BC40A0C7CB2AECBED5F9F32967E528C7961D6DFD3F8E246A51E3","831","7/8/2026 8:44:21 PM"
"UsageRecordSummary.php","IDENTICAL","C:\Users\Future\chargeguard-woocommerce-backend\woocommerce-chargeguard\vendor\stripe-php\lib\UsageRecordSummary.php","F23112E7C348BC40A0C7CB2AECBED5F9F32967E528C7961D6DFD3F8E246A51E3","831","5/11/2026 2:10:36 PM"
"Webhook.php","IDENTICAL","C:\Users\Future\chargeguard-woocommerce-backend\chargeguard-space\woocommerce-chargeguard\vendor\stripe-php\lib\Webhook.php","98A9D8FA0442EAE683E5F1CE382276F3BBD51048ECCDB078105A7EC2428D7929","1557","7/8/2026 8:44:21 PM"
"Webhook.php","IDENTICAL","C:\Users\Future\chargeguard-woocommerce-backend\woocommerce-chargeguard\vendor\stripe-php\lib\Webhook.php","98A9D8FA0442EAE683E5F1CE382276F3BBD51048ECCDB078105A7EC2428D7929","1557","5/11/2026 2:10:36 PM"
"WebhookEndpoint.php","IDENTICAL","C:\Users\Future\chargeguard-woocommerce-backend\chargeguard-space\woocommerce-chargeguard\vendor\stripe-php\lib\WebhookEndpoint.php","D87FA9D46A21963FF38572FB02F6496340CF7B33123E18F6DE231D2880E4A4C6","2344","7/8/2026 8:44:21 PM"
"WebhookEndpoint.php","IDENTICAL","C:\Users\Future\chargeguard-woocommerce-backend\woocommerce-chargeguard\vendor\stripe-php\lib\WebhookEndpoint.php","D87FA9D46A21963FF38572FB02F6496340CF7B33123E18F6DE231D2880E4A4C6","2344","5/11/2026 2:10:36 PM"
"WebhookSignature.php","IDENTICAL","C:\Users\Future\chargeguard-woocommerce-backend\chargeguard-space\woocommerce-chargeguard\vendor\stripe-php\lib\WebhookSignature.php","F97C957C902B0A8290BD89F40FE621F714D64684D4172C290ED122EA7C21195B","4517","7/8/2026 8:44:21 PM"
"WebhookSignature.php","IDENTICAL","C:\Users\Future\chargeguard-woocommerce-backend\woocommerce-chargeguard\vendor\stripe-php\lib\WebhookSignature.php","F97C957C902B0A8290BD89F40FE621F714D64684D4172C290ED122EA7C21195B","4517","5/11/2026 2:10:36 PM"
"All.php","IDENTICAL","C:\Users\Future\chargeguard-woocommerce-backend\chargeguard-space\woocommerce-chargeguard\vendor\stripe-php\lib\ApiOperations\All.php","DEDF3EAD1670D26A1E53E7AC56B126F3785A5B14405CB0EBE692D4814C6CF4C9","664","7/8/2026 8:44:21 PM"
"All.php","IDENTICAL","C:\Users\Future\chargeguard-woocommerce-backend\woocommerce-chargeguard\vendor\stripe-php\lib\ApiOperations\All.php","DEDF3EAD1670D26A1E53E7AC56B126F3785A5B14405CB0EBE692D4814C6CF4C9","664","5/11/2026 2:10:35 PM"
"Create.php","IDENTICAL","C:\Users\Future\chargeguard-woocommerce-backend\chargeguard-space\woocommerce-chargeguard\vendor\stripe-php\lib\ApiOperations\Create.php","D72516B37ACDF8F0C92C61603CAF17F54D250BA03ED54EEC7BBCA4A98229C93C","867","7/8/2026 8:44:21 PM"
"Create.php","IDENTICAL","C:\Users\Future\chargeguard-woocommerce-backend\woocommerce-chargeguard\vendor\stripe-php\lib\ApiOperations\Create.php","D72516B37ACDF8F0C92C61603CAF17F54D250BA03ED54EEC7BBCA4A98229C93C","867","5/11/2026 2:10:35 PM"
"Delete.php","IDENTICAL","C:\Users\Future\chargeguard-woocommerce-backend\chargeguard-space\woocommerce-chargeguard\vendor\stripe-php\lib\ApiOperations\Delete.php","742733B97D09A86F61A45360B49AB029150818F4581BFFDAE0B7C00AC9A3FC51","764","7/8/2026 8:44:21 PM"
"Delete.php","IDENTICAL","C:\Users\Future\chargeguard-woocommerce-backend\woocommerce-chargeguard\vendor\stripe-php\lib\ApiOperations\Delete.php","742733B97D09A86F61A45360B49AB029150818F4581BFFDAE0B7C00AC9A3FC51","764","5/11/2026 2:10:35 PM"
"NestedResource.php","IDENTICAL","C:\Users\Future\chargeguard-woocommerce-backend\chargeguard-space\woocommerce-chargeguard\vendor\stripe-php\lib\ApiOperations\NestedResource.php","5BE85A4FE15B75B837C2BAED171D87C71884C94B10D2957F5128DD872E51E2A9","4144","7/8/2026 8:44:21 PM"
"NestedResource.php","IDENTICAL","C:\Users\Future\chargeguard-woocommerce-backend\woocommerce-chargeguard\vendor\stripe-php\lib\ApiOperations\NestedResource.php","5BE85A4FE15B75B837C2BAED171D87C71884C94B10D2957F5128DD872E51E2A9","4144","5/11/2026 2:10:35 PM"
"Request.php","DIFFERENT","C:\Users\Future\chargeguard-woocommerce-backend\chargeguard-space\woocommerce-chargeguard\vendor\stripe-php\lib\ApiOperations\Request.php","B3E3656B07501E49F28DA97E460E7F9EC3253F729BA7E8A41065F7369C612C6D","5795","7/8/2026 8:44:21 PM"
"Request.php","DIFFERENT","C:\Users\Future\chargeguard-woocommerce-backend\chargeguard-space\woocommerce-chargeguard\vendor\stripe-php\lib\Forwarding\Request.php","3808CCD3A94AAEE1E1A5E3C8095293E773BCE6F9B419202258C34485A6FD59ED","2853","7/8/2026 8:44:21 PM"
"Request.php","DIFFERENT","C:\Users\Future\chargeguard-woocommerce-backend\woocommerce-chargeguard\vendor\stripe-php\lib\ApiOperations\Request.php","B3E3656B07501E49F28DA97E460E7F9EC3253F729BA7E8A41065F7369C612C6D","5795","5/11/2026 2:10:35 PM"
"Request.php","DIFFERENT","C:\Users\Future\chargeguard-woocommerce-backend\woocommerce-chargeguard\vendor\stripe-php\lib\Forwarding\Request.php","3808CCD3A94AAEE1E1A5E3C8095293E773BCE6F9B419202258C34485A6FD59ED","2853","5/11/2026 2:10:35 PM"
"Retrieve.php","IDENTICAL","C:\Users\Future\chargeguard-woocommerce-backend\chargeguard-space\woocommerce-chargeguard\vendor\stripe-php\lib\ApiOperations\Retrieve.php","57F251C23FB039AE9D7F1628542D0F63B3A5EBA7D9AE9F2C2827211DCA39B663","780","7/8/2026 8:44:21 PM"
"Retrieve.php","IDENTICAL","C:\Users\Future\chargeguard-woocommerce-backend\woocommerce-chargeguard\vendor\stripe-php\lib\ApiOperations\Retrieve.php","57F251C23FB039AE9D7F1628542D0F63B3A5EBA7D9AE9F2C2827211DCA39B663","780","5/11/2026 2:10:35 PM"
"Search.php","IDENTICAL","C:\Users\Future\chargeguard-woocommerce-backend\chargeguard-space\woocommerce-chargeguard\vendor\stripe-php\lib\ApiOperations\Search.php","6643243C4C03F94D0ACD38A2B2FE0B47EF55F8EC8C7E6FA4A49B252574E98119","658","7/8/2026 8:44:21 PM"
"Search.php","IDENTICAL","C:\Users\Future\chargeguard-woocommerce-backend\woocommerce-chargeguard\vendor\stripe-php\lib\ApiOperations\Search.php","6643243C4C03F94D0ACD38A2B2FE0B47EF55F8EC8C7E6FA4A49B252574E98119","658","5/11/2026 2:10:35 PM"
"SingletonRetrieve.php","IDENTICAL","C:\Users\Future\chargeguard-woocommerce-backend\chargeguard-space\woocommerce-chargeguard\vendor\stripe-php\lib\ApiOperations\SingletonRetrieve.php","B0DD57DF836A99FEDCF90DE017FB8707C4C32608F7E521F685790AE4FC189E87","771","7/8/2026 8:44:21 PM"
"SingletonRetrieve.php","IDENTICAL","C:\Users\Future\chargeguard-woocommerce-backend\woocommerce-chargeguard\vendor\stripe-php\lib\ApiOperations\SingletonRetrieve.php","B0DD57DF836A99FEDCF90DE017FB8707C4C32608F7E521F685790AE4FC189E87","771","5/11/2026 2:10:35 PM"
"Update.php","IDENTICAL","C:\Users\Future\chargeguard-woocommerce-backend\chargeguard-space\woocommerce-chargeguard\vendor\stripe-php\lib\ApiOperations\Update.php","F399006D780B02347250761D728589599F2DEAA1DCFD5B958943001A9F429088","1710","7/8/2026 8:44:21 PM"
"Update.php","IDENTICAL","C:\Users\Future\chargeguard-woocommerce-backend\woocommerce-chargeguard\vendor\stripe-php\lib\ApiOperations\Update.php","F399006D780B02347250761D728589599F2DEAA1DCFD5B958943001A9F429088","1710","5/11/2026 2:10:35 PM"
"Secret.php","IDENTICAL","C:\Users\Future\chargeguard-woocommerce-backend\chargeguard-space\woocommerce-chargeguard\vendor\stripe-php\lib\Apps\Secret.php","C5915EE193E5E40A414C40C6B768BDA1A47A624A52368E622333867B9B11E454","3207","7/8/2026 8:44:21 PM"
"Secret.php","IDENTICAL","C:\Users\Future\chargeguard-woocommerce-backend\woocommerce-chargeguard\vendor\stripe-php\lib\Apps\Secret.php","C5915EE193E5E40A414C40C6B768BDA1A47A624A52368E622333867B9B11E454","3207","5/11/2026 2:10:35 PM"
"Meter.php","IDENTICAL","C:\Users\Future\chargeguard-woocommerce-backend\chargeguard-space\woocommerce-chargeguard\vendor\stripe-php\lib\Billing\Meter.php","F154755973BA1F257E7246FC4C900092F8D7E5C1F59CBE556C2CA72055F27CEC","3643","7/8/2026 8:44:21 PM"
"Meter.php","IDENTICAL","C:\Users\Future\chargeguard-woocommerce-backend\woocommerce-chargeguard\vendor\stripe-php\lib\Billing\Meter.php","F154755973BA1F257E7246FC4C900092F8D7E5C1F59CBE556C2CA72055F27CEC","3643","5/11/2026 2:10:35 PM"
"MeterEvent.php","IDENTICAL","C:\Users\Future\chargeguard-woocommerce-backend\chargeguard-space\woocommerce-chargeguard\vendor\stripe-php\lib\Billing\MeterEvent.php","D209FA49355B437C6CDD41F972AAC987E2FBEDF053E9C33FDE45E0C6405441DA","1284","7/8/2026 8:44:21 PM"
"MeterEvent.php","IDENTICAL","C:\Users\Future\chargeguard-woocommerce-backend\woocommerce-chargeguard\vendor\stripe-php\lib\Billing\MeterEvent.php","D209FA49355B437C6CDD41F972AAC987E2FBEDF053E9C33FDE45E0C6405441DA","1284","5/11/2026 2:10:35 PM"
"MeterEventAdjustment.php","IDENTICAL","C:\Users\Future\chargeguard-woocommerce-backend\chargeguard-space\woocommerce-chargeguard\vendor\stripe-php\lib\Billing\MeterEventAdjustment.php","4940C6414F153DD1CE815B227ADFB9473F747AFDA20FBB581DE8F3FDDB93EEBB","1048","7/8/2026 8:44:21 PM"
"MeterEventAdjustment.php","IDENTICAL","C:\Users\Future\chargeguard-woocommerce-backend\woocommerce-chargeguard\vendor\stripe-php\lib\Billing\MeterEventAdjustment.php","4940C6414F153DD1CE815B227ADFB9473F747AFDA20FBB581DE8F3FDDB93EEBB","1048","5/11/2026 2:10:35 PM"
"MeterEventSummary.php","IDENTICAL","C:\Users\Future\chargeguard-woocommerce-backend\chargeguard-space\woocommerce-chargeguard\vendor\stripe-php\lib\Billing\MeterEventSummary.php","39BF861998ABDB28CC87920C789905F266F6A50C0A3BD078B80CBF473D8B2FF7","1188","7/8/2026 8:44:21 PM"
"MeterEventSummary.php","IDENTICAL","C:\Users\Future\chargeguard-woocommerce-backend\woocommerce-chargeguard\vendor\stripe-php\lib\Billing\MeterEventSummary.php","39BF861998ABDB28CC87920C789905F266F6A50C0A3BD078B80CBF473D8B2FF7","1188","5/11/2026 2:10:35 PM"
"Configuration.php","DIFFERENT","C:\Users\Future\chargeguard-woocommerce-backend\chargeguard-space\woocommerce-chargeguard\vendor\stripe-php\lib\BillingPortal\Configuration.php","57DCD975866FC335DF21B29ABDA97252B9896968BC3B35B2122690C2CE09839D","2190","7/8/2026 8:44:21 PM"
"Configuration.php","DIFFERENT","C:\Users\Future\chargeguard-woocommerce-backend\chargeguard-space\woocommerce-chargeguard\vendor\stripe-php\lib\Terminal\Configuration.php","EAB461C25EA48F7384FAB1CD8EE0047110C776C93D63E6B8DC70E0DCD7C9D079","1246","7/8/2026 8:44:21 PM"
"Configuration.php","DIFFERENT","C:\Users\Future\chargeguard-woocommerce-backend\woocommerce-chargeguard\vendor\stripe-php\lib\BillingPortal\Configuration.php","57DCD975866FC335DF21B29ABDA97252B9896968BC3B35B2122690C2CE09839D","2190","5/11/2026 2:10:35 PM"
"Configuration.php","DIFFERENT","C:\Users\Future\chargeguard-woocommerce-backend\woocommerce-chargeguard\vendor\stripe-php\lib\Terminal\Configuration.php","EAB461C25EA48F7384FAB1CD8EE0047110C776C93D63E6B8DC70E0DCD7C9D079","1246","5/11/2026 2:10:36 PM"
"Session.php","DIFFERENT","C:\Users\Future\chargeguard-woocommerce-backend\chargeguard-space\woocommerce-chargeguard\vendor\stripe-php\lib\BillingPortal\Session.php","4551D40D64A506CDCF5D5FDA7351A43543794F9A5627C24BFDAB50E2543FA0B8","2957","7/8/2026 8:44:21 PM"
"Session.php","DIFFERENT","C:\Users\Future\chargeguard-woocommerce-backend\chargeguard-space\woocommerce-chargeguard\vendor\stripe-php\lib\Checkout\Session.php","78B42EF419A301F9A372D6758E9D1401E5ABE67EC767CF70B9816E310033744A","11955","7/8/2026 8:44:21 PM"
"Session.php","DIFFERENT","C:\Users\Future\chargeguard-woocommerce-backend\chargeguard-space\woocommerce-chargeguard\vendor\stripe-php\lib\FinancialConnections\Session.php","D656A72325DE421A89EA71484D5AE1E33C3297B58369A0FC016F2E047FA0FC9A","1599","7/8/2026 8:44:21 PM"
"Session.php","DIFFERENT","C:\Users\Future\chargeguard-woocommerce-backend\woocommerce-chargeguard\vendor\stripe-php\lib\BillingPortal\Session.php","4551D40D64A506CDCF5D5FDA7351A43543794F9A5627C24BFDAB50E2543FA0B8","2957","5/11/2026 2:10:35 PM"
"Session.php","DIFFERENT","C:\Users\Future\chargeguard-woocommerce-backend\woocommerce-chargeguard\vendor\stripe-php\lib\Checkout\Session.php","78B42EF419A301F9A372D6758E9D1401E5ABE67EC767CF70B9816E310033744A","11955","5/11/2026 2:10:35 PM"
"Session.php","DIFFERENT","C:\Users\Future\chargeguard-woocommerce-backend\woocommerce-chargeguard\vendor\stripe-php\lib\FinancialConnections\Session.php","D656A72325DE421A89EA71484D5AE1E33C3297B58369A0FC016F2E047FA0FC9A","1599","5/11/2026 2:10:35 PM"
"Order.php","IDENTICAL","C:\Users\Future\chargeguard-woocommerce-backend\chargeguard-space\woocommerce-chargeguard\vendor\stripe-php\lib\Climate\Order.php","A0FFA15CE61FB838AEA5930C7A3486E2DC83CB2B39EF632B1B6E94756DA3A9F6","4038","7/8/2026 8:44:21 PM"
"Order.php","IDENTICAL","C:\Users\Future\chargeguard-woocommerce-backend\woocommerce-chargeguard\vendor\stripe-php\lib\Climate\Order.php","A0FFA15CE61FB838AEA5930C7A3486E2DC83CB2B39EF632B1B6E94756DA3A9F6","4038","5/11/2026 2:10:35 PM"
"Supplier.php","IDENTICAL","C:\Users\Future\chargeguard-woocommerce-backend\chargeguard-space\woocommerce-chargeguard\vendor\stripe-php\lib\Climate\Supplier.php","0D3169928277ADEA404EDBA74F239C97E13E04326C7DF70EC79B70DAB8C30AB4","1264","7/8/2026 8:44:21 PM"
"Supplier.php","IDENTICAL","C:\Users\Future\chargeguard-woocommerce-backend\woocommerce-chargeguard\vendor\stripe-php\lib\Climate\Supplier.php","0D3169928277ADEA404EDBA74F239C97E13E04326C7DF70EC79B70DAB8C30AB4","1264","5/11/2026 2:10:35 PM"
"ActiveEntitlement.php","IDENTICAL","C:\Users\Future\chargeguard-woocommerce-backend\chargeguard-space\woocommerce-chargeguard\vendor\stripe-php\lib\Entitlements\ActiveEntitlement.php","5661E9CF88A41E72C6CABFE66A1D3CF949E62A4D2C06CF02DC84A7AE378A8E3E","904","7/8/2026 8:44:21 PM"
"ActiveEntitlement.php","IDENTICAL","C:\Users\Future\chargeguard-woocommerce-backend\woocommerce-chargeguard\vendor\stripe-php\lib\Entitlements\ActiveEntitlement.php","5661E9CF88A41E72C6CABFE66A1D3CF949E62A4D2C06CF02DC84A7AE378A8E3E","904","5/11/2026 2:10:35 PM"
"Feature.php","IDENTICAL","C:\Users\Future\chargeguard-woocommerce-backend\chargeguard-space\woocommerce-chargeguard\vendor\stripe-php\lib\Entitlements\Feature.php","2DC3E0918D2A5B0ED83B3383A5661D94F34888AE10A18D634D5C70B5AC8092F5","1501","7/8/2026 8:44:21 PM"
"Feature.php","IDENTICAL","C:\Users\Future\chargeguard-woocommerce-backend\woocommerce-chargeguard\vendor\stripe-php\lib\Entitlements\Feature.php","2DC3E0918D2A5B0ED83B3383A5661D94F34888AE10A18D634D5C70B5AC8092F5","1501","5/11/2026 2:10:35 PM"
"ApiConnectionException.php","IDENTICAL","C:\Users\Future\chargeguard-woocommerce-backend\chargeguard-space\woocommerce-chargeguard\vendor\stripe-php\lib\Exception\ApiConnectionException.php","0DB08ACD06DBDC0E0F43E7E9A64BCBB7280206D44874DF0DCD2BF4A5C4F733D0","304","7/8/2026 8:44:21 PM"
"ApiConnectionException.php","IDENTICAL","C:\Users\Future\chargeguard-woocommerce-backend\woocommerce-chargeguard\vendor\stripe-php\lib\Exception\ApiConnectionException.php","0DB08ACD06DBDC0E0F43E7E9A64BCBB7280206D44874DF0DCD2BF4A5C4F733D0","304","5/11/2026 2:10:35 PM"
"ApiErrorException.php","IDENTICAL","C:\Users\Future\chargeguard-woocommerce-backend\chargeguard-space\woocommerce-chargeguard\vendor\stripe-php\lib\Exception\ApiErrorException.php","63E322E76CDF94F3AD787812AA7492A79FE521D9EAF29F71A3B31ADE47EF9C0A","5322","7/8/2026 8:44:21 PM"
"ApiErrorException.php","IDENTICAL","C:\Users\Future\chargeguard-woocommerce-backend\woocommerce-chargeguard\vendor\stripe-php\lib\Exception\ApiErrorException.php","63E322E76CDF94F3AD787812AA7492A79FE521D9EAF29F71A3B31ADE47EF9C0A","5322","5/11/2026 2:10:35 PM"
"AuthenticationException.php","IDENTICAL","C:\Users\Future\chargeguard-woocommerce-backend\chargeguard-space\woocommerce-chargeguard\vendor\stripe-php\lib\Exception\AuthenticationException.php","4AA022397ACA8F0508B6F6A305D51B48993BEBA55E9ED7884F4A2846137494D8","221","7/8/2026 8:44:21 PM"
"AuthenticationException.php","IDENTICAL","C:\Users\Future\chargeguard-woocommerce-backend\woocommerce-chargeguard\vendor\stripe-php\lib\Exception\AuthenticationException.php","4AA022397ACA8F0508B6F6A305D51B48993BEBA55E9ED7884F4A2846137494D8","221","5/11/2026 2:10:35 PM"
"BadMethodCallException.php","IDENTICAL","C:\Users\Future\chargeguard-woocommerce-backend\chargeguard-space\woocommerce-chargeguard\vendor\stripe-php\lib\Exception\BadMethodCallException.php","25ACC6EDEF1A1B1994370BDDA7015B6B81ACA45A6ADDCB4A04B8DAA407594049","138","7/8/2026 8:44:21 PM"
"BadMethodCallException.php","IDENTICAL","C:\Users\Future\chargeguard-woocommerce-backend\woocommerce-chargeguard\vendor\stripe-php\lib\Exception\BadMethodCallException.php","25ACC6EDEF1A1B1994370BDDA7015B6B81ACA45A6ADDCB4A04B8DAA407594049","138","5/11/2026 2:10:35 PM"
"CardException.php","IDENTICAL","C:\Users\Future\chargeguard-woocommerce-backend\chargeguard-space\woocommerce-chargeguard\vendor\stripe-php\lib\Exception\CardException.php","D297D12E13A90183F4D0610316BD5258F74D469BD0A4383813D0E9C219408A89","2208","7/8/2026 8:44:21 PM"
"CardException.php","IDENTICAL","C:\Users\Future\chargeguard-woocommerce-backend\woocommerce-chargeguard\vendor\stripe-php\lib\Exception\CardException.php","D297D12E13A90183F4D0610316BD5258F74D469BD0A4383813D0E9C219408A89","2208","5/11/2026 2:10:35 PM"
"ExceptionInterface.php","DIFFERENT","C:\Users\Future\chargeguard-woocommerce-backend\chargeguard-space\woocommerce-chargeguard\vendor\stripe-php\lib\Exception\ExceptionInterface.php","0ABD7FA8EBA64DE1E407B3002340C8D0EF5408C45ECF971EF727560D00FC4B06","512","7/8/2026 8:44:21 PM"
"ExceptionInterface.php","DIFFERENT","C:\Users\Future\chargeguard-woocommerce-backend\chargeguard-space\woocommerce-chargeguard\vendor\stripe-php\lib\Exception\OAuth\ExceptionInterface.php","C644507BE77F9002436398C24CDB5C451099FF53BE1DE1F88FCEDF68C784CF64","193","7/8/2026 8:44:21 PM"
"ExceptionInterface.php","DIFFERENT","C:\Users\Future\chargeguard-woocommerce-backend\woocommerce-chargeguard\vendor\stripe-php\lib\Exception\ExceptionInterface.php","0ABD7FA8EBA64DE1E407B3002340C8D0EF5408C45ECF971EF727560D00FC4B06","512","5/11/2026 2:10:35 PM"
"ExceptionInterface.php","DIFFERENT","C:\Users\Future\chargeguard-woocommerce-backend\woocommerce-chargeguard\vendor\stripe-php\lib\Exception\OAuth\ExceptionInterface.php","C644507BE77F9002436398C24CDB5C451099FF53BE1DE1F88FCEDF68C784CF64","193","5/11/2026 2:10:35 PM"
"IdempotencyException.php","IDENTICAL","C:\Users\Future\chargeguard-woocommerce-backend\chargeguard-space\woocommerce-chargeguard\vendor\stripe-php\lib\Exception\IdempotencyException.php","7795B0C6982C20AD07DC3602F644CB44C2591E3BDC3AD9082CBF63ECB385EB65","204","7/8/2026 8:44:21 PM"
"IdempotencyException.php","IDENTICAL","C:\Users\Future\chargeguard-woocommerce-backend\woocommerce-chargeguard\vendor\stripe-php\lib\Exception\IdempotencyException.php","7795B0C6982C20AD07DC3602F644CB44C2591E3BDC3AD9082CBF63ECB385EB65","204","5/11/2026 2:10:35 PM"
"InvalidArgumentException.php","IDENTICAL","C:\Users\Future\chargeguard-woocommerce-backend\chargeguard-space\woocommerce-chargeguard\vendor\stripe-php\lib\Exception\InvalidArgumentException.php","4A095DB96133B02E22C956C0B269E1683C576C073FDF535FE6DA21A437938E17","142","7/8/2026 8:44:21 PM"
"InvalidArgumentException.php","IDENTICAL","C:\Users\Future\chargeguard-woocommerce-backend\woocommerce-chargeguard\vendor\stripe-php\lib\Exception\InvalidArgumentException.php","4A095DB96133B02E22C956C0B269E1683C576C073FDF535FE6DA21A437938E17","142","5/11/2026 2:10:35 PM"
"InvalidRequestException.php","DIFFERENT","C:\Users\Future\chargeguard-woocommerce-backend\chargeguard-space\woocommerce-chargeguard\vendor\stripe-php\lib\Exception\InvalidRequestException.php","736D8EFDB45BBBFCDF2BAAD3AB3C54771D1D3806E9385EFF64FE285C87A91CD5","1688","7/8/2026 8:44:21 PM"
"InvalidRequestException.php","DIFFERENT","C:\Users\Future\chargeguard-woocommerce-backend\chargeguard-space\woocommerce-chargeguard\vendor\stripe-php\lib\Exception\OAuth\InvalidRequestException.php","5FDA71A932C8C313F2CC96E87D6F4A7D815327634577975BE820F50CDFFAF314","250","7/8/2026 8:44:21 PM"
"InvalidRequestException.php","DIFFERENT","C:\Users\Future\chargeguard-woocommerce-backend\woocommerce-chargeguard\vendor\stripe-php\lib\Exception\InvalidRequestException.php","736D8EFDB45BBBFCDF2BAAD3AB3C54771D1D3806E9385EFF64FE285C87A91CD5","1688","5/11/2026 2:10:35 PM"
"InvalidRequestException.php","DIFFERENT","C:\Users\Future\chargeguard-woocommerce-backend\woocommerce-chargeguard\vendor\stripe-php\lib\Exception\OAuth\InvalidRequestException.php","5FDA71A932C8C313F2CC96E87D6F4A7D815327634577975BE820F50CDFFAF314","250","5/11/2026 2:10:35 PM"
"PermissionException.php","IDENTICAL","C:\Users\Future\chargeguard-woocommerce-backend\chargeguard-space\woocommerce-chargeguard\vendor\stripe-php\lib\Exception\PermissionException.php","611DCB2D89A325852F26CEFFA868C362383FC0A72FB40ADF19C6BAD7633A66A1","218","7/8/2026 8:44:21 PM"
"PermissionException.php","IDENTICAL","C:\Users\Future\chargeguard-woocommerce-backend\woocommerce-chargeguard\vendor\stripe-php\lib\Exception\PermissionException.php","611DCB2D89A325852F26CEFFA868C362383FC0A72FB40ADF19C6BAD7633A66A1","218","5/11/2026 2:10:35 PM"
"RateLimitException.php","IDENTICAL","C:\Users\Future\chargeguard-woocommerce-backend\chargeguard-space\woocommerce-chargeguard\vendor\stripe-php\lib\Exception\RateLimitException.php","5665A687EC3EDD8A491E5A6E3833A1C19BB2484A2753FF479CC651DE903B7809","306","7/8/2026 8:44:21 PM"
"RateLimitException.php","IDENTICAL","C:\Users\Future\chargeguard-woocommerce-backend\woocommerce-chargeguard\vendor\stripe-php\lib\Exception\RateLimitException.php","5665A687EC3EDD8A491E5A6E3833A1C19BB2484A2753FF479CC651DE903B7809","306","5/11/2026 2:10:35 PM"
"SignatureVerificationException.php","IDENTICAL","C:\Users\Future\chargeguard-woocommerce-backend\chargeguard-space\woocommerce-chargeguard\vendor\stripe-php\lib\Exception\SignatureVerificationException.php","073FCC2392EEE074E6A56B665D3FD7F9747912EBCCFD1648D46BC92BC59B1B6C","1705","7/8/2026 8:44:21 PM"
"SignatureVerificationException.php","IDENTICAL","C:\Users\Future\chargeguard-woocommerce-backend\woocommerce-chargeguard\vendor\stripe-php\lib\Exception\SignatureVerificationException.php","073FCC2392EEE074E6A56B665D3FD7F9747912EBCCFD1648D46BC92BC59B1B6C","1705","5/11/2026 2:10:35 PM"
"UnexpectedValueException.php","IDENTICAL","C:\Users\Future\chargeguard-woocommerce-backend\chargeguard-space\woocommerce-chargeguard\vendor\stripe-php\lib\Exception\UnexpectedValueException.php","D0BEFCAD16ED87C93105FE6E97321D50D8D25910A8A6356CD0631F83E5A03C8E","142","7/8/2026 8:44:21 PM"
"UnexpectedValueException.php","IDENTICAL","C:\Users\Future\chargeguard-woocommerce-backend\woocommerce-chargeguard\vendor\stripe-php\lib\Exception\UnexpectedValueException.php","D0BEFCAD16ED87C93105FE6E97321D50D8D25910A8A6356CD0631F83E5A03C8E","142","5/11/2026 2:10:35 PM"
"UnknownApiErrorException.php","IDENTICAL","C:\Users\Future\chargeguard-woocommerce-backend\chargeguard-space\woocommerce-chargeguard\vendor\stripe-php\lib\Exception\UnknownApiErrorException.php","E1FAB3F8A66AB1FEB74340B4BE4D5B1E0EE9B0E52A61402DFD6BBBFC418CE717","335","7/8/2026 8:44:21 PM"
"UnknownApiErrorException.php","IDENTICAL","C:\Users\Future\chargeguard-woocommerce-backend\woocommerce-chargeguard\vendor\stripe-php\lib\Exception\UnknownApiErrorException.php","E1FAB3F8A66AB1FEB74340B4BE4D5B1E0EE9B0E52A61402DFD6BBBFC418CE717","335","5/11/2026 2:10:35 PM"
"InvalidClientException.php","IDENTICAL","C:\Users\Future\chargeguard-woocommerce-backend\chargeguard-space\woocommerce-chargeguard\vendor\stripe-php\lib\Exception\OAuth\InvalidClientException.php","84B46390DBBE0D918579201BBDDC400A942DE833C232C3B699431B4ADA255D9C","358","7/8/2026 8:44:21 PM"
"InvalidClientException.php","IDENTICAL","C:\Users\Future\chargeguard-woocommerce-backend\woocommerce-chargeguard\vendor\stripe-php\lib\Exception\OAuth\InvalidClientException.php","84B46390DBBE0D918579201BBDDC400A942DE833C232C3B699431B4ADA255D9C","358","5/11/2026 2:10:35 PM"
"InvalidGrantException.php","IDENTICAL","C:\Users\Future\chargeguard-woocommerce-backend\chargeguard-space\woocommerce-chargeguard\vendor\stripe-php\lib\Exception\OAuth\InvalidGrantException.php","0F37BC9BD67E114A0DABF55B636DE90E82F3A420D6EEF6E4E42B97F0492F5A98","404","7/8/2026 8:44:21 PM"
"InvalidGrantException.php","IDENTICAL","C:\Users\Future\chargeguard-woocommerce-backend\woocommerce-chargeguard\vendor\stripe-php\lib\Exception\OAuth\InvalidGrantException.php","0F37BC9BD67E114A0DABF55B636DE90E82F3A420D6EEF6E4E42B97F0492F5A98","404","5/11/2026 2:10:35 PM"
"InvalidScopeException.php","IDENTICAL","C:\Users\Future\chargeguard-woocommerce-backend\chargeguard-space\woocommerce-chargeguard\vendor\stripe-php\lib\Exception\OAuth\InvalidScopeException.php","578983C9DE6EF20C11A938EFD873F81BE1EC8DF43DB390C9CE8650E2A56D68E7","200","7/8/2026 8:44:21 PM"
"InvalidScopeException.php","IDENTICAL","C:\Users\Future\chargeguard-woocommerce-backend\woocommerce-chargeguard\vendor\stripe-php\lib\Exception\OAuth\InvalidScopeException.php","578983C9DE6EF20C11A938EFD873F81BE1EC8DF43DB390C9CE8650E2A56D68E7","200","5/11/2026 2:10:35 PM"
"OAuthErrorException.php","IDENTICAL","C:\Users\Future\chargeguard-woocommerce-backend\chargeguard-space\woocommerce-chargeguard\vendor\stripe-php\lib\Exception\OAuth\OAuthErrorException.php","83DC6138A0E8CE63A53F740C487D913BBAED305C933FAB6DAC778EE2BC5FBF58","448","7/8/2026 8:44:21 PM"
"OAuthErrorException.php","IDENTICAL","C:\Users\Future\chargeguard-woocommerce-backend\woocommerce-chargeguard\vendor\stripe-php\lib\Exception\OAuth\OAuthErrorException.php","83DC6138A0E8CE63A53F740C487D913BBAED305C933FAB6DAC778EE2BC5FBF58","448","5/11/2026 2:10:35 PM"
"UnknownOAuthErrorException.php","IDENTICAL","C:\Users\Future\chargeguard-woocommerce-backend\chargeguard-space\woocommerce-chargeguard\vendor\stripe-php\lib\Exception\OAuth\UnknownOAuthErrorException.php","746443EBC172FE8B434E678FBC0EDE0FBC4B86E901720A4559411F9B73ACCE46","351","7/8/2026 8:44:21 PM"
"UnknownOAuthErrorException.php","IDENTICAL","C:\Users\Future\chargeguard-woocommerce-backend\woocommerce-chargeguard\vendor\stripe-php\lib\Exception\OAuth\UnknownOAuthErrorException.php","746443EBC172FE8B434E678FBC0EDE0FBC4B86E901720A4559411F9B73ACCE46","351","5/11/2026 2:10:35 PM"
"UnsupportedGrantTypeException.php","IDENTICAL","C:\Users\Future\chargeguard-woocommerce-backend\chargeguard-space\woocommerce-chargeguard\vendor\stripe-php\lib\Exception\OAuth\UnsupportedGrantTypeException.php","AE9E5115FDB6AA7B6746A91D8478155C702556CFC7318BB29B1813F8065C7668","230","7/8/2026 8:44:21 PM"
"UnsupportedGrantTypeException.php","IDENTICAL","C:\Users\Future\chargeguard-woocommerce-backend\woocommerce-chargeguard\vendor\stripe-php\lib\Exception\OAuth\UnsupportedGrantTypeException.php","AE9E5115FDB6AA7B6746A91D8478155C702556CFC7318BB29B1813F8065C7668","230","5/11/2026 2:10:35 PM"
"UnsupportedResponseTypeException.php","IDENTICAL","C:\Users\Future\chargeguard-woocommerce-backend\chargeguard-space\woocommerce-chargeguard\vendor\stripe-php\lib\Exception\OAuth\UnsupportedResponseTypeException.php","F73673E62C904D90C1F363D457238720072C58004D3F05E9C41C59E25217567E","239","7/8/2026 8:44:21 PM"
"UnsupportedResponseTypeException.php","IDENTICAL","C:\Users\Future\chargeguard-woocommerce-backend\woocommerce-chargeguard\vendor\stripe-php\lib\Exception\OAuth\UnsupportedResponseTypeException.php","F73673E62C904D90C1F363D457238720072C58004D3F05E9C41C59E25217567E","239","5/11/2026 2:10:35 PM"
"AccountOwner.php","IDENTICAL","C:\Users\Future\chargeguard-woocommerce-backend\chargeguard-space\woocommerce-chargeguard\vendor\stripe-php\lib\FinancialConnections\AccountOwner.php","2BE8EEEE26767D5658FF775E66905185E41583C6AE91A954605FB70C6B751D48","876","7/8/2026 8:44:21 PM"
"AccountOwner.php","IDENTICAL","C:\Users\Future\chargeguard-woocommerce-backend\woocommerce-chargeguard\vendor\stripe-php\lib\FinancialConnections\AccountOwner.php","2BE8EEEE26767D5658FF775E66905185E41583C6AE91A954605FB70C6B751D48","876","5/11/2026 2:10:35 PM"
"AccountOwnership.php","IDENTICAL","C:\Users\Future\chargeguard-woocommerce-backend\chargeguard-space\woocommerce-chargeguard\vendor\stripe-php\lib\FinancialConnections\AccountOwnership.php","75830979AD657786524EF7B6FF0A41D92855F56872EFFC0163E60D2CDBDF5326","728","7/8/2026 8:44:21 PM"
"AccountOwnership.php","IDENTICAL","C:\Users\Future\chargeguard-woocommerce-backend\woocommerce-chargeguard\vendor\stripe-php\lib\FinancialConnections\AccountOwnership.php","75830979AD657786524EF7B6FF0A41D92855F56872EFFC0163E60D2CDBDF5326","728","5/11/2026 2:10:35 PM"
"Transaction.php","DIFFERENT","C:\Users\Future\chargeguard-woocommerce-backend\chargeguard-space\woocommerce-chargeguard\vendor\stripe-php\lib\FinancialConnections\Transaction.php","C887DC1EE7E2A62A82E33A64D53566EE4A455FB62FEEB15B4E948F1EF7ADEAF2","1808","7/8/2026 8:44:21 PM"
"Transaction.php","DIFFERENT","C:\Users\Future\chargeguard-woocommerce-backend\chargeguard-space\woocommerce-chargeguard\vendor\stripe-php\lib\Issuing\Transaction.php","5B3A3B365BB679819617E0783E36D9E500ED72511071856D3D089D80F6021EBB","4360","7/8/2026 8:44:21 PM"
"Transaction.php","DIFFERENT","C:\Users\Future\chargeguard-woocommerce-backend\chargeguard-space\woocommerce-chargeguard\vendor\stripe-php\lib\Tax\Transaction.php","40882A107AFA1765C0EB6E450B98653A237B36B9F6A7D0A48EDA037677222F46","4273","7/8/2026 8:44:21 PM"
"Transaction.php","DIFFERENT","C:\Users\Future\chargeguard-woocommerce-backend\chargeguard-space\woocommerce-chargeguard\vendor\stripe-php\lib\Treasury\Transaction.php","AEF920DA67C725A6CBC5001BCF0A8107CAC3164902C689D04FC02A83EA6B1713","2610","7/8/2026 8:44:21 PM"
"Transaction.php","DIFFERENT","C:\Users\Future\chargeguard-woocommerce-backend\woocommerce-chargeguard\vendor\stripe-php\lib\FinancialConnections\Transaction.php","C887DC1EE7E2A62A82E33A64D53566EE4A455FB62FEEB15B4E948F1EF7ADEAF2","1808","5/11/2026 2:10:35 PM"
"Transaction.php","DIFFERENT","C:\Users\Future\chargeguard-woocommerce-backend\woocommerce-chargeguard\vendor\stripe-php\lib\Issuing\Transaction.php","5B3A3B365BB679819617E0783E36D9E500ED72511071856D3D089D80F6021EBB","4360","5/11/2026 2:10:35 PM"
"Transaction.php","DIFFERENT","C:\Users\Future\chargeguard-woocommerce-backend\woocommerce-chargeguard\vendor\stripe-php\lib\Tax\Transaction.php","40882A107AFA1765C0EB6E450B98653A237B36B9F6A7D0A48EDA037677222F46","4273","5/11/2026 2:10:36 PM"
"Transaction.php","DIFFERENT","C:\Users\Future\chargeguard-woocommerce-backend\woocommerce-chargeguard\vendor\stripe-php\lib\Treasury\Transaction.php","AEF920DA67C725A6CBC5001BCF0A8107CAC3164902C689D04FC02A83EA6B1713","2610","5/11/2026 2:10:36 PM"
"ClientInterface.php","IDENTICAL","C:\Users\Future\chargeguard-woocommerce-backend\chargeguard-space\woocommerce-chargeguard\vendor\stripe-php\lib\HttpClient\ClientInterface.php","D71E313C3734F0ED82FCFB05EDD2A3295C048D3879174E5656568EFF9B9240B2","923","7/8/2026 8:44:21 PM"
"ClientInterface.php","IDENTICAL","C:\Users\Future\chargeguard-woocommerce-backend\woocommerce-chargeguard\vendor\stripe-php\lib\HttpClient\ClientInterface.php","D71E313C3734F0ED82FCFB05EDD2A3295C048D3879174E5656568EFF9B9240B2","923","5/11/2026 2:10:35 PM"
"CurlClient.php","IDENTICAL","C:\Users\Future\chargeguard-woocommerce-backend\chargeguard-space\woocommerce-chargeguard\vendor\stripe-php\lib\HttpClient\CurlClient.php","29080E668B4FDCE6E8CC7781330493ECA3C03688A16C6C3810181E895D8EBA5A","25461","7/8/2026 8:44:21 PM"
"CurlClient.php","IDENTICAL","C:\Users\Future\chargeguard-woocommerce-backend\woocommerce-chargeguard\vendor\stripe-php\lib\HttpClient\CurlClient.php","29080E668B4FDCE6E8CC7781330493ECA3C03688A16C6C3810181E895D8EBA5A","25461","5/11/2026 2:10:35 PM"
"StreamingClientInterface.php","IDENTICAL","C:\Users\Future\chargeguard-woocommerce-backend\chargeguard-space\woocommerce-chargeguard\vendor\stripe-php\lib\HttpClient\StreamingClientInterface.php","1397FC2A750D65F28A4F9811E1EBD692377C05F43057C8D2B4A9A7492F241D0C","1104","7/8/2026 8:44:21 PM"
"StreamingClientInterface.php","IDENTICAL","C:\Users\Future\chargeguard-woocommerce-backend\woocommerce-chargeguard\vendor\stripe-php\lib\HttpClient\StreamingClientInterface.php","1397FC2A750D65F28A4F9811E1EBD692377C05F43057C8D2B4A9A7492F241D0C","1104","5/11/2026 2:10:35 PM"
"VerificationReport.php","IDENTICAL","C:\Users\Future\chargeguard-woocommerce-backend\chargeguard-space\woocommerce-chargeguard\vendor\stripe-php\lib\Identity\VerificationReport.php","2865334A61FCA8299E2AE5794113FDA774965D6BD6C44B4208915B2244A04FF0","2694","7/8/2026 8:44:21 PM"
"VerificationReport.php","IDENTICAL","C:\Users\Future\chargeguard-woocommerce-backend\woocommerce-chargeguard\vendor\stripe-php\lib\Identity\VerificationReport.php","2865334A61FCA8299E2AE5794113FDA774965D6BD6C44B4208915B2244A04FF0","2694","5/11/2026 2:10:35 PM"
"VerificationSession.php","IDENTICAL","C:\Users\Future\chargeguard-woocommerce-backend\chargeguard-space\woocommerce-chargeguard\vendor\stripe-php\lib\Identity\VerificationSession.php","4E00B9084018234EF7DABBABB4176AF2401D973DC1B0C7DD644E09C8AE929D8C","5857","7/8/2026 8:44:21 PM"
"VerificationSession.php","IDENTICAL","C:\Users\Future\chargeguard-woocommerce-backend\woocommerce-chargeguard\vendor\stripe-php\lib\Identity\VerificationSession.php","4E00B9084018234EF7DABBABB4176AF2401D973DC1B0C7DD644E09C8AE929D8C","5857","5/11/2026 2:10:35 PM"
"Authorization.php","IDENTICAL","C:\Users\Future\chargeguard-woocommerce-backend\chargeguard-space\woocommerce-chargeguard\vendor\stripe-php\lib\Issuing\Authorization.php","0FF7C65B70270E8A8F19D49FC4B6EB703FC218172D5C7D3365186567BF51BF59","7178","7/8/2026 8:44:21 PM"
"Authorization.php","IDENTICAL","C:\Users\Future\chargeguard-woocommerce-backend\woocommerce-chargeguard\vendor\stripe-php\lib\Issuing\Authorization.php","0FF7C65B70270E8A8F19D49FC4B6EB703FC218172D5C7D3365186567BF51BF59","7178","5/11/2026 2:10:35 PM"
"CardDetails.php","IDENTICAL","C:\Users\Future\chargeguard-woocommerce-backend\chargeguard-space\woocommerce-chargeguard\vendor\stripe-php\lib\Issuing\CardDetails.php","7C37066F4A6F6DE23E685DC43A816DA966EFC34256780003168C68DC7E61F4A7","368","7/8/2026 8:44:21 PM"
"CardDetails.php","IDENTICAL","C:\Users\Future\chargeguard-woocommerce-backend\woocommerce-chargeguard\vendor\stripe-php\lib\Issuing\CardDetails.php","7C37066F4A6F6DE23E685DC43A816DA966EFC34256780003168C68DC7E61F4A7","368","5/11/2026 2:10:35 PM"
"Cardholder.php","IDENTICAL","C:\Users\Future\chargeguard-woocommerce-backend\chargeguard-space\woocommerce-chargeguard\vendor\stripe-php\lib\Issuing\Cardholder.php","F1FA748A34DEB1199F63631543054ABE46B479B90CAA39DB6286C7E0116200CD","3197","7/8/2026 8:44:21 PM"
"Cardholder.php","IDENTICAL","C:\Users\Future\chargeguard-woocommerce-backend\woocommerce-chargeguard\vendor\stripe-php\lib\Issuing\Cardholder.php","F1FA748A34DEB1199F63631543054ABE46B479B90CAA39DB6286C7E0116200CD","3197","5/11/2026 2:10:35 PM"
"PersonalizationDesign.php","IDENTICAL","C:\Users\Future\chargeguard-woocommerce-backend\chargeguard-space\woocommerce-chargeguard\vendor\stripe-php\lib\Issuing\PersonalizationDesign.php","4FB83A1BC78081CFDDA19E32F9BC9EF6C20E19D6F524BD3022A5F9494DAAEA02","2246","7/8/2026 8:44:21 PM"
"PersonalizationDesign.php","IDENTICAL","C:\Users\Future\chargeguard-woocommerce-backend\woocommerce-chargeguard\vendor\stripe-php\lib\Issuing\PersonalizationDesign.php","4FB83A1BC78081CFDDA19E32F9BC9EF6C20E19D6F524BD3022A5F9494DAAEA02","2246","5/11/2026 2:10:35 PM"
"PhysicalBundle.php","IDENTICAL","C:\Users\Future\chargeguard-woocommerce-backend\chargeguard-space\woocommerce-chargeguard\vendor\stripe-php\lib\Issuing\PhysicalBundle.php","208F4EE18DD631452803C441F43AC247F839B2464ACD0A58EDE327721DA861FE","1280","7/8/2026 8:44:21 PM"
"PhysicalBundle.php","IDENTICAL","C:\Users\Future\chargeguard-woocommerce-backend\woocommerce-chargeguard\vendor\stripe-php\lib\Issuing\PhysicalBundle.php","208F4EE18DD631452803C441F43AC247F839B2464ACD0A58EDE327721DA861FE","1280","5/11/2026 2:10:35 PM"
"EarlyFraudWarning.php","IDENTICAL","C:\Users\Future\chargeguard-woocommerce-backend\chargeguard-space\woocommerce-chargeguard\vendor\stripe-php\lib\Radar\EarlyFraudWarning.php","2882F1576F1A048CCF08A4C906B030E73FC501BCCF7E2A977AB77C872FAE9BE6","2260","7/8/2026 8:44:21 PM"
"EarlyFraudWarning.php","IDENTICAL","C:\Users\Future\chargeguard-woocommerce-backend\woocommerce-chargeguard\vendor\stripe-php\lib\Radar\EarlyFraudWarning.php","2882F1576F1A048CCF08A4C906B030E73FC501BCCF7E2A977AB77C872FAE9BE6","2260","5/11/2026 2:10:35 PM"
"ValueList.php","IDENTICAL","C:\Users\Future\chargeguard-woocommerce-backend\chargeguard-space\woocommerce-chargeguard\vendor\stripe-php\lib\Radar\ValueList.php","23D20DD90945129F3213ADA6D34F5ABBC472DB8A595BD6C6036D33EF2C27BFDE","2540","7/8/2026 8:44:21 PM"
"ValueList.php","IDENTICAL","C:\Users\Future\chargeguard-woocommerce-backend\woocommerce-chargeguard\vendor\stripe-php\lib\Radar\ValueList.php","23D20DD90945129F3213ADA6D34F5ABBC472DB8A595BD6C6036D33EF2C27BFDE","2540","5/11/2026 2:10:35 PM"
"ValueListItem.php","IDENTICAL","C:\Users\Future\chargeguard-woocommerce-backend\chargeguard-space\woocommerce-chargeguard\vendor\stripe-php\lib\Radar\ValueListItem.php","6DBBB7F9BC958C7A8F8316BC598607DD2ABA5247C4CD77666C42F42C14A7885C","1276","7/8/2026 8:44:21 PM"
"ValueListItem.php","IDENTICAL","C:\Users\Future\chargeguard-woocommerce-backend\woocommerce-chargeguard\vendor\stripe-php\lib\Radar\ValueListItem.php","6DBBB7F9BC958C7A8F8316BC598607DD2ABA5247C4CD77666C42F42C14A7885C","1276","5/11/2026 2:10:35 PM"
"ReportRun.php","IDENTICAL","C:\Users\Future\chargeguard-woocommerce-backend\chargeguard-space\woocommerce-chargeguard\vendor\stripe-php\lib\Reporting\ReportRun.php","AEE853A8A4F9FE708458C032E876064E33CB341D1066E4545C333004314C91E4","2457","7/8/2026 8:44:21 PM"
"ReportRun.php","IDENTICAL","C:\Users\Future\chargeguard-woocommerce-backend\woocommerce-chargeguard\vendor\stripe-php\lib\Reporting\ReportRun.php","AEE853A8A4F9FE708458C032E876064E33CB341D1066E4545C333004314C91E4","2457","5/11/2026 2:10:35 PM"
"ReportType.php","IDENTICAL","C:\Users\Future\chargeguard-woocommerce-backend\chargeguard-space\woocommerce-chargeguard\vendor\stripe-php\lib\Reporting\ReportType.php","9E2E9A8453165308B6CE6F831EAE5868BC5974355131D9D5B29E4D56B871D21A","2253","7/8/2026 8:44:21 PM"
"ReportType.php","IDENTICAL","C:\Users\Future\chargeguard-woocommerce-backend\woocommerce-chargeguard\vendor\stripe-php\lib\Reporting\ReportType.php","9E2E9A8453165308B6CE6F831EAE5868BC5974355131D9D5B29E4D56B871D21A","2253","5/11/2026 2:10:35 PM"
"AbstractService.php","IDENTICAL","C:\Users\Future\chargeguard-woocommerce-backend\chargeguard-space\woocommerce-chargeguard\vendor\stripe-php\lib\Service\AbstractService.php","1DED6C3DDA1EC9203EC9C08536A637A33B235280699F80F7E800D7D5C4D20CC3","3207","7/8/2026 8:44:21 PM"
"AbstractService.php","IDENTICAL","C:\Users\Future\chargeguard-woocommerce-backend\woocommerce-chargeguard\vendor\stripe-php\lib\Service\AbstractService.php","1DED6C3DDA1EC9203EC9C08536A637A33B235280699F80F7E800D7D5C4D20CC3","3207","5/11/2026 2:10:35 PM"
"AbstractServiceFactory.php","IDENTICAL","C:\Users\Future\chargeguard-woocommerce-backend\chargeguard-space\woocommerce-chargeguard\vendor\stripe-php\lib\Service\AbstractServiceFactory.php","F44FF0D21C03692EA00EA277B49E7103845FD167E0D69B96E295B1DF6764249C","1746","7/8/2026 8:44:21 PM"
"AbstractServiceFactory.php","IDENTICAL","C:\Users\Future\chargeguard-woocommerce-backend\woocommerce-chargeguard\vendor\stripe-php\lib\Service\AbstractServiceFactory.php","F44FF0D21C03692EA00EA277B49E7103845FD167E0D69B96E295B1DF6764249C","1746","5/11/2026 2:10:35 PM"
"AccountLinkService.php","IDENTICAL","C:\Users\Future\chargeguard-woocommerce-backend\chargeguard-space\woocommerce-chargeguard\vendor\stripe-php\lib\Service\AccountLinkService.php","185EBEB3C5381B80E749EA16840D1330EAB2D143517DEB112B0FA996EE1B7509","931","7/8/2026 8:44:21 PM"
"AccountLinkService.php","IDENTICAL","C:\Users\Future\chargeguard-woocommerce-backend\woocommerce-chargeguard\vendor\stripe-php\lib\Service\AccountLinkService.php","185EBEB3C5381B80E749EA16840D1330EAB2D143517DEB112B0FA996EE1B7509","931","5/11/2026 2:10:35 PM"
"AccountService.php","DIFFERENT","C:\Users\Future\chargeguard-woocommerce-backend\chargeguard-space\woocommerce-chargeguard\vendor\stripe-php\lib\Service\AccountService.php","AAF7ADA5B37F16D73E78DD2E36B4E35D90FFBEB6576EB39A6D3E0E8226A00EB2","15147","7/8/2026 8:44:21 PM"
"AccountService.php","DIFFERENT","C:\Users\Future\chargeguard-woocommerce-backend\chargeguard-space\woocommerce-chargeguard\vendor\stripe-php\lib\Service\FinancialConnections\AccountService.php","296BF006DA2DDAF9ED6C3D66AC4DC2DD265C41CB34D63A0102A2573043962956","4660","7/8/2026 8:44:21 PM"
"AccountService.php","DIFFERENT","C:\Users\Future\chargeguard-woocommerce-backend\woocommerce-chargeguard\vendor\stripe-php\lib\Service\AccountService.php","AAF7ADA5B37F16D73E78DD2E36B4E35D90FFBEB6576EB39A6D3E0E8226A00EB2","15147","5/11/2026 2:10:35 PM"
"AccountService.php","DIFFERENT","C:\Users\Future\chargeguard-woocommerce-backend\woocommerce-chargeguard\vendor\stripe-php\lib\Service\FinancialConnections\AccountService.php","296BF006DA2DDAF9ED6C3D66AC4DC2DD265C41CB34D63A0102A2573043962956","4660","5/11/2026 2:10:35 PM"
"AccountSessionService.php","IDENTICAL","C:\Users\Future\chargeguard-woocommerce-backend\chargeguard-space\woocommerce-chargeguard\vendor\stripe-php\lib\Service\AccountSessionService.php","761268DCC16210FF1C40449ED39A783DB0048F976300CAAA5439032AB35E23A8","903","7/8/2026 8:44:21 PM"
"AccountSessionService.php","IDENTICAL","C:\Users\Future\chargeguard-woocommerce-backend\woocommerce-chargeguard\vendor\stripe-php\lib\Service\AccountSessionService.php","761268DCC16210FF1C40449ED39A783DB0048F976300CAAA5439032AB35E23A8","903","5/11/2026 2:10:35 PM"
"ApplePayDomainService.php","IDENTICAL","C:\Users\Future\chargeguard-woocommerce-backend\chargeguard-space\woocommerce-chargeguard\vendor\stripe-php\lib\Service\ApplePayDomainService.php","79F170361AF920B1829AD568E51C55A0EDBB40CEB3427B30BBA489230337209C","2281","7/8/2026 8:44:21 PM"
"ApplePayDomainService.php","IDENTICAL","C:\Users\Future\chargeguard-woocommerce-backend\woocommerce-chargeguard\vendor\stripe-php\lib\Service\ApplePayDomainService.php","79F170361AF920B1829AD568E51C55A0EDBB40CEB3427B30BBA489230337209C","2281","5/11/2026 2:10:35 PM"
"ApplicationFeeService.php","IDENTICAL","C:\Users\Future\chargeguard-woocommerce-backend\chargeguard-space\woocommerce-chargeguard\vendor\stripe-php\lib\Service\ApplicationFeeService.php","70A4E49C4017D70553998B42A7663716F21F3B550AEFCB84CD7885B7991D272D","5161","7/8/2026 8:44:21 PM"
"ApplicationFeeService.php","IDENTICAL","C:\Users\Future\chargeguard-woocommerce-backend\woocommerce-chargeguard\vendor\stripe-php\lib\Service\ApplicationFeeService.php","70A4E49C4017D70553998B42A7663716F21F3B550AEFCB84CD7885B7991D272D","5161","5/11/2026 2:10:35 PM"
"BalanceService.php","IDENTICAL","C:\Users\Future\chargeguard-woocommerce-backend\chargeguard-space\woocommerce-chargeguard\vendor\stripe-php\lib\Service\BalanceService.php","6D980F467E37F259993B54454DE4AC25040111FF8981F455A96BA8B292A4A8C5","995","7/8/2026 8:44:21 PM"
"BalanceService.php","IDENTICAL","C:\Users\Future\chargeguard-woocommerce-backend\woocommerce-chargeguard\vendor\stripe-php\lib\Service\BalanceService.php","6D980F467E37F259993B54454DE4AC25040111FF8981F455A96BA8B292A4A8C5","995","5/11/2026 2:10:35 PM"
"BalanceTransactionService.php","IDENTICAL","C:\Users\Future\chargeguard-woocommerce-backend\chargeguard-space\woocommerce-chargeguard\vendor\stripe-php\lib\Service\BalanceTransactionService.php","FFB3D8490E9FD6EB579AAB54DE4C65F4107E696FE5C109D92A254DE874114C10","1827","7/8/2026 8:44:21 PM"
"BalanceTransactionService.php","IDENTICAL","C:\Users\Future\chargeguard-woocommerce-backend\woocommerce-chargeguard\vendor\stripe-php\lib\Service\BalanceTransactionService.php","FFB3D8490E9FD6EB579AAB54DE4C65F4107E696FE5C109D92A254DE874114C10","1827","5/11/2026 2:10:35 PM"
"ChargeService.php","IDENTICAL","C:\Users\Future\chargeguard-woocommerce-backend\chargeguard-space\woocommerce-chargeguard\vendor\stripe-php\lib\Service\ChargeService.php","DA6A8180164B9CBF42C8D8731CC317EA130F11C59E8139082C34C6E25ADC32AF","4885","7/8/2026 8:44:21 PM"
"ChargeService.php","IDENTICAL","C:\Users\Future\chargeguard-woocommerce-backend\woocommerce-chargeguard\vendor\stripe-php\lib\Service\ChargeService.php","DA6A8180164B9CBF42C8D8731CC317EA130F11C59E8139082C34C6E25ADC32AF","4885","5/11/2026 2:10:35 PM"
"ConfirmationTokenService.php","DIFFERENT","C:\Users\Future\chargeguard-woocommerce-backend\chargeguard-space\woocommerce-chargeguard\vendor\stripe-php\lib\Service\ConfirmationTokenService.php","59DF64C97FA74BEDCCDDD4ACDE57E575D02F4E59CC5DEFC3FC58AAFEB7B42035","867","7/8/2026 8:44:21 PM"
"ConfirmationTokenService.php","DIFFERENT","C:\Users\Future\chargeguard-woocommerce-backend\chargeguard-space\woocommerce-chargeguard\vendor\stripe-php\lib\Service\TestHelpers\ConfirmationTokenService.php","E3A709435074D860A20FB25B4341E1AFB3ECEB4836CDD6DD460A1CAD7B65A666","865","7/8/2026 8:44:21 PM"
"ConfirmationTokenService.php","DIFFERENT","C:\Users\Future\chargeguard-woocommerce-backend\woocommerce-chargeguard\vendor\stripe-php\lib\Service\ConfirmationTokenService.php","59DF64C97FA74BEDCCDDD4ACDE57E575D02F4E59CC5DEFC3FC58AAFEB7B42035","867","5/11/2026 2:10:35 PM"
"ConfirmationTokenService.php","DIFFERENT","C:\Users\Future\chargeguard-woocommerce-backend\woocommerce-chargeguard\vendor\stripe-php\lib\Service\TestHelpers\ConfirmationTokenService.php","E3A709435074D860A20FB25B4341E1AFB3ECEB4836CDD6DD460A1CAD7B65A666","865","5/11/2026 2:10:36 PM"
"CoreServiceFactory.php","IDENTICAL","C:\Users\Future\chargeguard-woocommerce-backend\chargeguard-space\woocommerce-chargeguard\vendor\stripe-php\lib\Service\CoreServiceFactory.php","242E39079D0F22FCC2635136D6F8361142E644703D94B7688ACF174E8AFFBF24","7773","7/8/2026 8:44:21 PM"
"CoreServiceFactory.php","IDENTICAL","C:\Users\Future\chargeguard-woocommerce-backend\woocommerce-chargeguard\vendor\stripe-php\lib\Service\CoreServiceFactory.php","242E39079D0F22FCC2635136D6F8361142E644703D94B7688ACF174E8AFFBF24","7773","5/11/2026 2:10:35 PM"
"CountrySpecService.php","IDENTICAL","C:\Users\Future\chargeguard-woocommerce-backend\chargeguard-space\woocommerce-chargeguard\vendor\stripe-php\lib\Service\CountrySpecService.php","67AA34BE2BBFC5CA5435F35CD734C9711E64E5D98B7F070755C1D4511A7BF2EF","1347","7/8/2026 8:44:21 PM"
"CountrySpecService.php","IDENTICAL","C:\Users\Future\chargeguard-woocommerce-backend\woocommerce-chargeguard\vendor\stripe-php\lib\Service\CountrySpecService.php","67AA34BE2BBFC5CA5435F35CD734C9711E64E5D98B7F070755C1D4511A7BF2EF","1347","5/11/2026 2:10:35 PM"
"CouponService.php","IDENTICAL","C:\Users\Future\chargeguard-woocommerce-backend\chargeguard-space\woocommerce-chargeguard\vendor\stripe-php\lib\Service\CouponService.php","858A0C09D777B37A66DC9261DE7A8FB94E6642F257CA8DD5136308BAEB9A45C5","4040","7/8/2026 8:44:21 PM"
"CouponService.php","IDENTICAL","C:\Users\Future\chargeguard-woocommerce-backend\woocommerce-chargeguard\vendor\stripe-php\lib\Service\CouponService.php","858A0C09D777B37A66DC9261DE7A8FB94E6642F257CA8DD5136308BAEB9A45C5","4040","5/11/2026 2:10:35 PM"
"CreditNoteService.php","IDENTICAL","C:\Users\Future\chargeguard-woocommerce-backend\chargeguard-space\woocommerce-chargeguard\vendor\stripe-php\lib\Service\CreditNoteService.php","AF45AAD5455F4185D1462050DD705880DBDE09EF13F7B6D6A03D7AAD33EB87A6","6121","7/8/2026 8:44:21 PM"
"CreditNoteService.php","IDENTICAL","C:\Users\Future\chargeguard-woocommerce-backend\woocommerce-chargeguard\vendor\stripe-php\lib\Service\CreditNoteService.php","AF45AAD5455F4185D1462050DD705880DBDE09EF13F7B6D6A03D7AAD33EB87A6","6121","5/11/2026 2:10:35 PM"
"CustomerService.php","DIFFERENT","C:\Users\Future\chargeguard-woocommerce-backend\chargeguard-space\woocommerce-chargeguard\vendor\stripe-php\lib\Service\CustomerService.php","CA8B1F95A60D9A1A0F673CB8638E2F515B352C7EA8AD3A77418559C859595051","19369","7/8/2026 8:44:21 PM"
"CustomerService.php","DIFFERENT","C:\Users\Future\chargeguard-woocommerce-backend\chargeguard-space\woocommerce-chargeguard\vendor\stripe-php\lib\Service\TestHelpers\CustomerService.php","7129E69458AC11A6706BA20A8F6A4DEF8211197628840942D139E6E2D592C878","907","7/8/2026 8:44:21 PM"
"CustomerService.php","DIFFERENT","C:\Users\Future\chargeguard-woocommerce-backend\woocommerce-chargeguard\vendor\stripe-php\lib\Service\CustomerService.php","CA8B1F95A60D9A1A0F673CB8638E2F515B352C7EA8AD3A77418559C859595051","19369","5/11/2026 2:10:35 PM"
"CustomerService.php","DIFFERENT","C:\Users\Future\chargeguard-woocommerce-backend\woocommerce-chargeguard\vendor\stripe-php\lib\Service\TestHelpers\CustomerService.php","7129E69458AC11A6706BA20A8F6A4DEF8211197628840942D139E6E2D592C878","907","5/11/2026 2:10:36 PM"
"CustomerSessionService.php","IDENTICAL","C:\Users\Future\chargeguard-woocommerce-backend\chargeguard-space\woocommerce-chargeguard\vendor\stripe-php\lib\Service\CustomerSessionService.php","832F97233D268FA1845143F3EBEA779E1E50A6F8EA0C6035A9D85E40B194E4D7","945","7/8/2026 8:44:21 PM"
"CustomerSessionService.php","IDENTICAL","C:\Users\Future\chargeguard-woocommerce-backend\woocommerce-chargeguard\vendor\stripe-php\lib\Service\CustomerSessionService.php","832F97233D268FA1845143F3EBEA779E1E50A6F8EA0C6035A9D85E40B194E4D7","945","5/11/2026 2:10:35 PM"
"DisputeService.php","DIFFERENT","C:\Users\Future\chargeguard-woocommerce-backend\chargeguard-space\woocommerce-chargeguard\vendor\stripe-php\lib\Service\DisputeService.php","799903A98DDC26E0646105E79202D4FAC125520F55936F83E761AD5F9AE53993","3194","7/8/2026 8:44:21 PM"
"DisputeService.php","DIFFERENT","C:\Users\Future\chargeguard-woocommerce-backend\chargeguard-space\woocommerce-chargeguard\vendor\stripe-php\lib\Service\Issuing\DisputeService.php","606A4D2DA1379DFB1C1E7B7E48BE5540DFD9F9DA04B650A6AADA45CB38208B5D","3895","7/8/2026 8:44:21 PM"
"DisputeService.php","DIFFERENT","C:\Users\Future\chargeguard-woocommerce-backend\woocommerce-chargeguard\vendor\stripe-php\lib\Service\DisputeService.php","799903A98DDC26E0646105E79202D4FAC125520F55936F83E761AD5F9AE53993","3194","5/11/2026 2:10:35 PM"
"DisputeService.php","DIFFERENT","C:\Users\Future\chargeguard-woocommerce-backend\woocommerce-chargeguard\vendor\stripe-php\lib\Service\Issuing\DisputeService.php","606A4D2DA1379DFB1C1E7B7E48BE5540DFD9F9DA04B650A6AADA45CB38208B5D","3895","5/11/2026 2:10:35 PM"
"EphemeralKeyService.php","IDENTICAL","C:\Users\Future\chargeguard-woocommerce-backend\chargeguard-space\woocommerce-chargeguard\vendor\stripe-php\lib\Service\EphemeralKeyService.php","657A71E9E9859EC6292A06F67F040E30FDB0E3D03061E2F0CB571A6D3210906F","1520","7/8/2026 8:44:21 PM"
"EphemeralKeyService.php","IDENTICAL","C:\Users\Future\chargeguard-woocommerce-backend\woocommerce-chargeguard\vendor\stripe-php\lib\Service\EphemeralKeyService.php","657A71E9E9859EC6292A06F67F040E30FDB0E3D03061E2F0CB571A6D3210906F","1520","5/11/2026 2:10:35 PM"
"EventService.php","IDENTICAL","C:\Users\Future\chargeguard-woocommerce-backend\chargeguard-space\woocommerce-chargeguard\vendor\stripe-php\lib\Service\EventService.php","5B5012A17627A57EF6F0F001CACF454298E6B638E77EF93D89E7E94B554F337C","1685","7/8/2026 8:44:21 PM"
"EventService.php","IDENTICAL","C:\Users\Future\chargeguard-woocommerce-backend\woocommerce-chargeguard\vendor\stripe-php\lib\Service\EventService.php","5B5012A17627A57EF6F0F001CACF454298E6B638E77EF93D89E7E94B554F337C","1685","5/11/2026 2:10:35 PM"
"ExchangeRateService.php","IDENTICAL","C:\Users\Future\chargeguard-woocommerce-backend\chargeguard-space\woocommerce-chargeguard\vendor\stripe-php\lib\Service\ExchangeRateService.php","1FC96B247F2545F7E20D8883904FBE02E1E696D7B70D3FC0DE908BAC9407A040","1508","7/8/2026 8:44:21 PM"
"ExchangeRateService.php","IDENTICAL","C:\Users\Future\chargeguard-woocommerce-backend\woocommerce-chargeguard\vendor\stripe-php\lib\Service\ExchangeRateService.php","1FC96B247F2545F7E20D8883904FBE02E1E696D7B70D3FC0DE908BAC9407A040","1508","5/11/2026 2:10:35 PM"
"FileLinkService.php","IDENTICAL","C:\Users\Future\chargeguard-woocommerce-backend\chargeguard-space\woocommerce-chargeguard\vendor\stripe-php\lib\Service\FileLinkService.php","AEC1C8C16448025957D1E0C1FF0C39BA128947A75E20F23B880119DEB77E2DED","2294","7/8/2026 8:44:21 PM"
"FileLinkService.php","IDENTICAL","C:\Users\Future\chargeguard-woocommerce-backend\woocommerce-chargeguard\vendor\stripe-php\lib\Service\FileLinkService.php","AEC1C8C16448025957D1E0C1FF0C39BA128947A75E20F23B880119DEB77E2DED","2294","5/11/2026 2:10:35 PM"
"FileService.php","IDENTICAL","C:\Users\Future\chargeguard-woocommerce-backend\chargeguard-space\woocommerce-chargeguard\vendor\stripe-php\lib\Service\FileService.php","A9C287D8B73F177EF4CEDBD8F7F94451A43DA759F3DE5F5D8635DE83325B54AA","2346","7/8/2026 8:44:21 PM"
"FileService.php","IDENTICAL","C:\Users\Future\chargeguard-woocommerce-backend\woocommerce-chargeguard\vendor\stripe-php\lib\Service\FileService.php","A9C287D8B73F177EF4CEDBD8F7F94451A43DA759F3DE5F5D8635DE83325B54AA","2346","5/11/2026 2:10:35 PM"
"InvoiceItemService.php","IDENTICAL","C:\Users\Future\chargeguard-woocommerce-backend\chargeguard-space\woocommerce-chargeguard\vendor\stripe-php\lib\Service\InvoiceItemService.php","E16214A69F5BA37D443BAD9B9E4786A715D362FDF6D77DF33CDC8FD6588ED9CA","3388","7/8/2026 8:44:21 PM"
"InvoiceItemService.php","IDENTICAL","C:\Users\Future\chargeguard-woocommerce-backend\woocommerce-chargeguard\vendor\stripe-php\lib\Service\InvoiceItemService.php","E16214A69F5BA37D443BAD9B9E4786A715D362FDF6D77DF33CDC8FD6588ED9CA","3388","5/11/2026 2:10:35 PM"
"InvoiceService.php","IDENTICAL","C:\Users\Future\chargeguard-woocommerce-backend\chargeguard-space\woocommerce-chargeguard\vendor\stripe-php\lib\Service\InvoiceService.php","9DAEF4B1E828D1A240E6524481ABF8EA8723068EFD19359C027759004E16CE63","13535","7/8/2026 8:44:21 PM"
"InvoiceService.php","IDENTICAL","C:\Users\Future\chargeguard-woocommerce-backend\woocommerce-chargeguard\vendor\stripe-php\lib\Service\InvoiceService.php","9DAEF4B1E828D1A240E6524481ABF8EA8723068EFD19359C027759004E16CE63","13535","5/11/2026 2:10:35 PM"
"MandateService.php","IDENTICAL","C:\Users\Future\chargeguard-woocommerce-backend\chargeguard-space\woocommerce-chargeguard\vendor\stripe-php\lib\Service\MandateService.php","5007B0639C6FD7E2B3EA0AE7C517FFBF67CF28FED38B52EEBEB76468DB9D7D76","816","7/8/2026 8:44:21 PM"
"MandateService.php","IDENTICAL","C:\Users\Future\chargeguard-woocommerce-backend\woocommerce-chargeguard\vendor\stripe-php\lib\Service\MandateService.php","5007B0639C6FD7E2B3EA0AE7C517FFBF67CF28FED38B52EEBEB76468DB9D7D76","816","5/11/2026 2:10:35 PM"
"OAuthService.php","IDENTICAL","C:\Users\Future\chargeguard-woocommerce-backend\chargeguard-space\woocommerce-chargeguard\vendor\stripe-php\lib\Service\OAuthService.php","4D2C65B7FBA7FBB7892BBF3E7C689A85F0BAD4A60E9E9CA76D42DE1F5C605C45","5024","7/8/2026 8:44:21 PM"
"OAuthService.php","IDENTICAL","C:\Users\Future\chargeguard-woocommerce-backend\woocommerce-chargeguard\vendor\stripe-php\lib\Service\OAuthService.php","4D2C65B7FBA7FBB7892BBF3E7C689A85F0BAD4A60E9E9CA76D42DE1F5C605C45","5024","5/11/2026 2:10:35 PM"
"PaymentIntentService.php","IDENTICAL","C:\Users\Future\chargeguard-woocommerce-backend\chargeguard-space\woocommerce-chargeguard\vendor\stripe-php\lib\Service\PaymentIntentService.php","1A972480167A316A84160064366672F9EF93F9128B1C8A8A7D7F073EB447D276","12409","7/8/2026 8:44:21 PM"
"PaymentIntentService.php","IDENTICAL","C:\Users\Future\chargeguard-woocommerce-backend\woocommerce-chargeguard\vendor\stripe-php\lib\Service\PaymentIntentService.php","1A972480167A316A84160064366672F9EF93F9128B1C8A8A7D7F073EB447D276","12409","5/11/2026 2:10:35 PM"
"PaymentLinkService.php","IDENTICAL","C:\Users\Future\chargeguard-woocommerce-backend\chargeguard-space\woocommerce-chargeguard\vendor\stripe-php\lib\Service\PaymentLinkService.php","D23EF2682528C2B184C826938100BB2F9BD9CC28DE68F91C58F37D53913EDCD4","3012","7/8/2026 8:44:21 PM"
"PaymentLinkService.php","IDENTICAL","C:\Users\Future\chargeguard-woocommerce-backend\woocommerce-chargeguard\vendor\stripe-php\lib\Service\PaymentLinkService.php","D23EF2682528C2B184C826938100BB2F9BD9CC28DE68F91C58F37D53913EDCD4","3012","5/11/2026 2:10:35 PM"
"PaymentMethodConfigurationService.php","IDENTICAL","C:\Users\Future\chargeguard-woocommerce-backend\chargeguard-space\woocommerce-chargeguard\vendor\stripe-php\lib\Service\PaymentMethodConfigurationService.php","1774ADA82539CD87F87A6E24BD2B1409C807EA0206FC774F6A739992748D694D","2429","7/8/2026 8:44:21 PM"
"PaymentMethodConfigurationService.php","IDENTICAL","C:\Users\Future\chargeguard-woocommerce-backend\woocommerce-chargeguard\vendor\stripe-php\lib\Service\PaymentMethodConfigurationService.php","1774ADA82539CD87F87A6E24BD2B1409C807EA0206FC774F6A739992748D694D","2429","5/11/2026 2:10:35 PM"
"PaymentMethodDomainService.php","IDENTICAL","C:\Users\Future\chargeguard-woocommerce-backend\chargeguard-space\woocommerce-chargeguard\vendor\stripe-php\lib\Service\PaymentMethodDomainService.php","7A53A456F7A0B72326BD39275FAE64AC797672FD71A78DE9C65218115F57702D","3587","7/8/2026 8:44:21 PM"
"PaymentMethodDomainService.php","IDENTICAL","C:\Users\Future\chargeguard-woocommerce-backend\woocommerce-chargeguard\vendor\stripe-php\lib\Service\PaymentMethodDomainService.php","7A53A456F7A0B72326BD39275FAE64AC797672FD71A78DE9C65218115F57702D","3587","5/11/2026 2:10:35 PM"
"PaymentMethodService.php","IDENTICAL","C:\Users\Future\chargeguard-woocommerce-backend\chargeguard-space\woocommerce-chargeguard\vendor\stripe-php\lib\Service\PaymentMethodService.php","B4B55D3BE8745D8A9A1B966289326E0BE8921D7663A1594D6AF468B7A1EE3DB5","5697","7/8/2026 8:44:21 PM"
"PaymentMethodService.php","IDENTICAL","C:\Users\Future\chargeguard-woocommerce-backend\woocommerce-chargeguard\vendor\stripe-php\lib\Service\PaymentMethodService.php","B4B55D3BE8745D8A9A1B966289326E0BE8921D7663A1594D6AF468B7A1EE3DB5","5697","5/11/2026 2:10:35 PM"
"PayoutService.php","IDENTICAL","C:\Users\Future\chargeguard-woocommerce-backend\chargeguard-space\woocommerce-chargeguard\vendor\stripe-php\lib\Service\PayoutService.php","0CC40F73AA6F17FE1E13ED4956163DE9CA8CB5BB58D224DB4FAA1E3642C99A84","5066","7/8/2026 8:44:21 PM"
"PayoutService.php","IDENTICAL","C:\Users\Future\chargeguard-woocommerce-backend\woocommerce-chargeguard\vendor\stripe-php\lib\Service\PayoutService.php","0CC40F73AA6F17FE1E13ED4956163DE9CA8CB5BB58D224DB4FAA1E3642C99A84","5066","5/11/2026 2:10:35 PM"
"PlanService.php","IDENTICAL","C:\Users\Future\chargeguard-woocommerce-backend\chargeguard-space\woocommerce-chargeguard\vendor\stripe-php\lib\Service\PlanService.php","AB1FC3A645D9BBDAE3A48AF0C406D303840820EDF2384292C638C5F90688DC12","3111","7/8/2026 8:44:21 PM"
"PlanService.php","IDENTICAL","C:\Users\Future\chargeguard-woocommerce-backend\woocommerce-chargeguard\vendor\stripe-php\lib\Service\PlanService.php","AB1FC3A645D9BBDAE3A48AF0C406D303840820EDF2384292C638C5F90688DC12","3111","5/11/2026 2:10:35 PM"
"PriceService.php","IDENTICAL","C:\Users\Future\chargeguard-woocommerce-backend\chargeguard-space\woocommerce-chargeguard\vendor\stripe-php\lib\Service\PriceService.php","F7CEBD6E5E639EC6101904ECB836B7B2993C6CF969C47C18C4D79A207B7AC1DD","3491","7/8/2026 8:44:21 PM"
"PriceService.php","IDENTICAL","C:\Users\Future\chargeguard-woocommerce-backend\woocommerce-chargeguard\vendor\stripe-php\lib\Service\PriceService.php","F7CEBD6E5E639EC6101904ECB836B7B2993C6CF969C47C18C4D79A207B7AC1DD","3491","5/11/2026 2:10:36 PM"
"ProductService.php","DIFFERENT","C:\Users\Future\chargeguard-woocommerce-backend\chargeguard-space\woocommerce-chargeguard\vendor\stripe-php\lib\Service\ProductService.php","1D15C13807976397453FB9385048EFCAF23D427A9D21E9E11687AD9E1913372E","6646","7/8/2026 8:44:21 PM"
"ProductService.php","DIFFERENT","C:\Users\Future\chargeguard-woocommerce-backend\chargeguard-space\woocommerce-chargeguard\vendor\stripe-php\lib\Service\Climate\ProductService.php","3C0D99A6C939652609C21A86493F7C6122E850460871763C7611BB3678E9A44F","1370","7/8/2026 8:44:21 PM"
"ProductService.php","DIFFERENT","C:\Users\Future\chargeguard-woocommerce-backend\woocommerce-chargeguard\vendor\stripe-php\lib\Service\ProductService.php","1D15C13807976397453FB9385048EFCAF23D427A9D21E9E11687AD9E1913372E","6646","5/11/2026 2:10:36 PM"
"ProductService.php","DIFFERENT","C:\Users\Future\chargeguard-woocommerce-backend\woocommerce-chargeguard\vendor\stripe-php\lib\Service\Climate\ProductService.php","3C0D99A6C939652609C21A86493F7C6122E850460871763C7611BB3678E9A44F","1370","5/11/2026 2:10:35 PM"
"PromotionCodeService.php","IDENTICAL","C:\Users\Future\chargeguard-woocommerce-backend\chargeguard-space\woocommerce-chargeguard\vendor\stripe-php\lib\Service\PromotionCodeService.php","A926AD3A5EC1FACA39DE4FA744999F82E78C233372641E9E8AF34F7559E83453","2717","7/8/2026 8:44:21 PM"
"PromotionCodeService.php","IDENTICAL","C:\Users\Future\chargeguard-woocommerce-backend\woocommerce-chargeguard\vendor\stripe-php\lib\Service\PromotionCodeService.php","A926AD3A5EC1FACA39DE4FA744999F82E78C233372641E9E8AF34F7559E83453","2717","5/11/2026 2:10:36 PM"
"QuoteService.php","IDENTICAL","C:\Users\Future\chargeguard-woocommerce-backend\chargeguard-space\woocommerce-chargeguard\vendor\stripe-php\lib\Service\QuoteService.php","4B20905A9EF039E72AB2CA9FD3327AA7C4D987D7BA39FE1C4D50E73731AE6D57","6541","7/8/2026 8:44:21 PM"
"QuoteService.php","IDENTICAL","C:\Users\Future\chargeguard-woocommerce-backend\woocommerce-chargeguard\vendor\stripe-php\lib\Service\QuoteService.php","4B20905A9EF039E72AB2CA9FD3327AA7C4D987D7BA39FE1C4D50E73731AE6D57","6541","5/11/2026 2:10:36 PM"
"RefundService.php","DIFFERENT","C:\Users\Future\chargeguard-woocommerce-backend\chargeguard-space\woocommerce-chargeguard\vendor\stripe-php\lib\Service\RefundService.php","6843D908B915B77EBB1AAF60788908153FF0DE208BBC0715DA113F5694C19060","4001","7/8/2026 8:44:21 PM"
"RefundService.php","DIFFERENT","C:\Users\Future\chargeguard-woocommerce-backend\chargeguard-space\woocommerce-chargeguard\vendor\stripe-php\lib\Service\TestHelpers\RefundService.php","A4B2FA2772881B3626229B87BE83D6AC288780507B110B2CCE0013929165AF69","879","7/8/2026 8:44:21 PM"
"RefundService.php","DIFFERENT","C:\Users\Future\chargeguard-woocommerce-backend\woocommerce-chargeguard\vendor\stripe-php\lib\Service\RefundService.php","6843D908B915B77EBB1AAF60788908153FF0DE208BBC0715DA113F5694C19060","4001","5/11/2026 2:10:36 PM"
"RefundService.php","DIFFERENT","C:\Users\Future\chargeguard-woocommerce-backend\woocommerce-chargeguard\vendor\stripe-php\lib\Service\TestHelpers\RefundService.php","A4B2FA2772881B3626229B87BE83D6AC288780507B110B2CCE0013929165AF69","879","5/11/2026 2:10:36 PM"
"ReviewService.php","IDENTICAL","C:\Users\Future\chargeguard-woocommerce-backend\chargeguard-space\woocommerce-chargeguard\vendor\stripe-php\lib\Service\ReviewService.php","FF814E77F389372E62F11B6D3132F335AB11D7AF759A723F507BE094DB0ADF7C","2063","7/8/2026 8:44:21 PM"
"ReviewService.php","IDENTICAL","C:\Users\Future\chargeguard-woocommerce-backend\woocommerce-chargeguard\vendor\stripe-php\lib\Service\ReviewService.php","FF814E77F389372E62F11B6D3132F335AB11D7AF759A723F507BE094DB0ADF7C","2063","5/11/2026 2:10:36 PM"
"SetupAttemptService.php","IDENTICAL","C:\Users\Future\chargeguard-woocommerce-backend\chargeguard-space\woocommerce-chargeguard\vendor\stripe-php\lib\Service\SetupAttemptService.php","C5CD394BD4A6CE2650D2BD89AA0085A6951D91558C6FD9215A6840F73B79AD73","848","7/8/2026 8:44:21 PM"
"SetupAttemptService.php","IDENTICAL","C:\Users\Future\chargeguard-woocommerce-backend\woocommerce-chargeguard\vendor\stripe-php\lib\Service\SetupAttemptService.php","C5CD394BD4A6CE2650D2BD89AA0085A6951D91558C6FD9215A6840F73B79AD73","848","5/11/2026 2:10:36 PM"
"SetupIntentService.php","IDENTICAL","C:\Users\Future\chargeguard-woocommerce-backend\chargeguard-space\woocommerce-chargeguard\vendor\stripe-php\lib\Service\SetupIntentService.php","7EB092524A31E147B05D7FBAEA3F92D6F0A21D4EA7F5F79C0B7A14E38364D297","5508","7/8/2026 8:44:21 PM"
"SetupIntentService.php","IDENTICAL","C:\Users\Future\chargeguard-woocommerce-backend\woocommerce-chargeguard\vendor\stripe-php\lib\Service\SetupIntentService.php","7EB092524A31E147B05D7FBAEA3F92D6F0A21D4EA7F5F79C0B7A14E38364D297","5508","5/11/2026 2:10:36 PM"
"ShippingRateService.php","IDENTICAL","C:\Users\Future\chargeguard-woocommerce-backend\chargeguard-space\woocommerce-chargeguard\vendor\stripe-php\lib\Service\ShippingRateService.php","EBC4BB657FBB0A6AD86E5CF152FB1601AE373C21DC41A0CED7811A8B983D01B8","2316","7/8/2026 8:44:21 PM"
"ShippingRateService.php","IDENTICAL","C:\Users\Future\chargeguard-woocommerce-backend\woocommerce-chargeguard\vendor\stripe-php\lib\Service\ShippingRateService.php","EBC4BB657FBB0A6AD86E5CF152FB1601AE373C21DC41A0CED7811A8B983D01B8","2316","5/11/2026 2:10:36 PM"
"SourceService.php","IDENTICAL","C:\Users\Future\chargeguard-woocommerce-backend\chargeguard-space\woocommerce-chargeguard\vendor\stripe-php\lib\Service\SourceService.php","33C59777ACB87884CF07097F7C74902F7C5B672A806901ABB25264F9C27DF401","4018","7/8/2026 8:44:21 PM"
"SourceService.php","IDENTICAL","C:\Users\Future\chargeguard-woocommerce-backend\woocommerce-chargeguard\vendor\stripe-php\lib\Service\SourceService.php","33C59777ACB87884CF07097F7C74902F7C5B672A806901ABB25264F9C27DF401","4018","5/11/2026 2:10:36 PM"
"SubscriptionItemService.php","IDENTICAL","C:\Users\Future\chargeguard-woocommerce-backend\chargeguard-space\woocommerce-chargeguard\vendor\stripe-php\lib\Service\SubscriptionItemService.php","4360E13713036D379A11E6D9C789D7CCC345A430AA55E5D42A6BC92BDBB0C254","6299","7/8/2026 8:44:21 PM"
"SubscriptionItemService.php","IDENTICAL","C:\Users\Future\chargeguard-woocommerce-backend\woocommerce-chargeguard\vendor\stripe-php\lib\Service\SubscriptionItemService.php","4360E13713036D379A11E6D9C789D7CCC345A430AA55E5D42A6BC92BDBB0C254","6299","5/11/2026 2:10:36 PM"
"SubscriptionScheduleService.php","IDENTICAL","C:\Users\Future\chargeguard-woocommerce-backend\chargeguard-space\woocommerce-chargeguard\vendor\stripe-php\lib\Service\SubscriptionScheduleService.php","FE7563505E2068C3EB0D0E004F2B2BDF1384FE46B8B6BC47F744BBC1A6082A55","4400","7/8/2026 8:44:21 PM"
"SubscriptionScheduleService.php","IDENTICAL","C:\Users\Future\chargeguard-woocommerce-backend\woocommerce-chargeguard\vendor\stripe-php\lib\Service\SubscriptionScheduleService.php","FE7563505E2068C3EB0D0E004F2B2BDF1384FE46B8B6BC47F744BBC1A6082A55","4400","5/11/2026 2:10:36 PM"
"SubscriptionService.php","IDENTICAL","C:\Users\Future\chargeguard-woocommerce-backend\chargeguard-space\woocommerce-chargeguard\vendor\stripe-php\lib\Service\SubscriptionService.php","1A73DD7BE2FF9EE3885CF2935A02C6A572D81997B23020A9741E5037429656CE","10279","7/8/2026 8:44:21 PM"
"SubscriptionService.php","IDENTICAL","C:\Users\Future\chargeguard-woocommerce-backend\woocommerce-chargeguard\vendor\stripe-php\lib\Service\SubscriptionService.php","1A73DD7BE2FF9EE3885CF2935A02C6A572D81997B23020A9741E5037429656CE","10279","5/11/2026 2:10:36 PM"
"TaxCodeService.php","IDENTICAL","C:\Users\Future\chargeguard-woocommerce-backend\chargeguard-space\woocommerce-chargeguard\vendor\stripe-php\lib\Service\TaxCodeService.php","A930E428DC83702A0F162D8BD2B258FFCC16822502436C101F2D7AE5BEABF4D1","1536","7/8/2026 8:44:21 PM"
"TaxCodeService.php","IDENTICAL","C:\Users\Future\chargeguard-woocommerce-backend\woocommerce-chargeguard\vendor\stripe-php\lib\Service\TaxCodeService.php","A930E428DC83702A0F162D8BD2B258FFCC16822502436C101F2D7AE5BEABF4D1","1536","5/11/2026 2:10:36 PM"
"TaxIdService.php","IDENTICAL","C:\Users\Future\chargeguard-woocommerce-backend\chargeguard-space\woocommerce-chargeguard\vendor\stripe-php\lib\Service\TaxIdService.php","E9DEB3FAA93D287508AC0953F719E473958F9DD25504E9B1D82EEFA869C438AE","2304","7/8/2026 8:44:21 PM"
"TaxIdService.php","IDENTICAL","C:\Users\Future\chargeguard-woocommerce-backend\woocommerce-chargeguard\vendor\stripe-php\lib\Service\TaxIdService.php","E9DEB3FAA93D287508AC0953F719E473958F9DD25504E9B1D82EEFA869C438AE","2304","5/11/2026 2:10:36 PM"
"TaxRateService.php","IDENTICAL","C:\Users\Future\chargeguard-woocommerce-backend\chargeguard-space\woocommerce-chargeguard\vendor\stripe-php\lib\Service\TaxRateService.php","6E194DCDEC47627AD84CD066CB5EB31DA52CC176980C8770C2DDE1B82A059554","2344","7/8/2026 8:44:21 PM"
"TaxRateService.php","IDENTICAL","C:\Users\Future\chargeguard-woocommerce-backend\woocommerce-chargeguard\vendor\stripe-php\lib\Service\TaxRateService.php","6E194DCDEC47627AD84CD066CB5EB31DA52CC176980C8770C2DDE1B82A059554","2344","5/11/2026 2:10:36 PM"
"TokenService.php","DIFFERENT","C:\Users\Future\chargeguard-woocommerce-backend\chargeguard-space\woocommerce-chargeguard\vendor\stripe-php\lib\Service\TokenService.php","9980B3089374DAC80A69AF6584FB230D518B79893112AF613891BB480F4A6562","1502","7/8/2026 8:44:21 PM"
"TokenService.php","DIFFERENT","C:\Users\Future\chargeguard-woocommerce-backend\chargeguard-space\woocommerce-chargeguard\vendor\stripe-php\lib\Service\Issuing\TokenService.php","BB9661873F11B4BDB1F1CDFDC49F64242041788C91D7C846CC76587260E71D87","1942","7/8/2026 8:44:21 PM"
"TokenService.php","DIFFERENT","C:\Users\Future\chargeguard-woocommerce-backend\woocommerce-chargeguard\vendor\stripe-php\lib\Service\TokenService.php","9980B3089374DAC80A69AF6584FB230D518B79893112AF613891BB480F4A6562","1502","5/11/2026 2:10:36 PM"
"TokenService.php","DIFFERENT","C:\Users\Future\chargeguard-woocommerce-backend\woocommerce-chargeguard\vendor\stripe-php\lib\Service\Issuing\TokenService.php","BB9661873F11B4BDB1F1CDFDC49F64242041788C91D7C846CC76587260E71D87","1942","5/11/2026 2:10:35 PM"
"TopupService.php","IDENTICAL","C:\Users\Future\chargeguard-woocommerce-backend\chargeguard-space\woocommerce-chargeguard\vendor\stripe-php\lib\Service\TopupService.php","D0C6BDF7C8537D8752E490EFDC8B26F5470A4A2F78F5DC1ACEEA63BFC1EB16C7","2976","7/8/2026 8:44:21 PM"
"TopupService.php","IDENTICAL","C:\Users\Future\chargeguard-woocommerce-backend\woocommerce-chargeguard\vendor\stripe-php\lib\Service\TopupService.php","D0C6BDF7C8537D8752E490EFDC8B26F5470A4A2F78F5DC1ACEEA63BFC1EB16C7","2976","5/11/2026 2:10:36 PM"
"TransferService.php","IDENTICAL","C:\Users\Future\chargeguard-woocommerce-backend\chargeguard-space\woocommerce-chargeguard\vendor\stripe-php\lib\Service\TransferService.php","8F0BA81BE7A9A5906A0CA2D4611C444EF82E86EE4C21A41A8FDB8104FA745F41","6398","7/8/2026 8:44:21 PM"
"TransferService.php","IDENTICAL","C:\Users\Future\chargeguard-woocommerce-backend\woocommerce-chargeguard\vendor\stripe-php\lib\Service\TransferService.php","8F0BA81BE7A9A5906A0CA2D4611C444EF82E86EE4C21A41A8FDB8104FA745F41","6398","5/11/2026 2:10:36 PM"
"WebhookEndpointService.php","IDENTICAL","C:\Users\Future\chargeguard-woocommerce-backend\chargeguard-space\woocommerce-chargeguard\vendor\stripe-php\lib\Service\WebhookEndpointService.php","D00B18FB2278D0EB4102D487759C1754FD016B25FBD5FDB22AB34928CC9E0F80","3730","7/8/2026 8:44:21 PM"
"WebhookEndpointService.php","IDENTICAL","C:\Users\Future\chargeguard-woocommerce-backend\woocommerce-chargeguard\vendor\stripe-php\lib\Service\WebhookEndpointService.php","D00B18FB2278D0EB4102D487759C1754FD016B25FBD5FDB22AB34928CC9E0F80","3730","5/11/2026 2:10:36 PM"
"AppsServiceFactory.php","IDENTICAL","C:\Users\Future\chargeguard-woocommerce-backend\chargeguard-space\woocommerce-chargeguard\vendor\stripe-php\lib\Service\Apps\AppsServiceFactory.php","E07AA649007598C5520220F32DE312960FBAFBFDFC95DA5A5986E2AB30662BE6","576","7/8/2026 8:44:21 PM"
"AppsServiceFactory.php","IDENTICAL","C:\Users\Future\chargeguard-woocommerce-backend\woocommerce-chargeguard\vendor\stripe-php\lib\Service\Apps\AppsServiceFactory.php","E07AA649007598C5520220F32DE312960FBAFBFDFC95DA5A5986E2AB30662BE6","576","5/11/2026 2:10:35 PM"
"SecretService.php","IDENTICAL","C:\Users\Future\chargeguard-woocommerce-backend\chargeguard-space\woocommerce-chargeguard\vendor\stripe-php\lib\Service\Apps\SecretService.php","0AD7B8ADD25E009ADC975BA072ABED65A2BEDDEDFFDCABBD09F9BA702E3E5318","2237","7/8/2026 8:44:21 PM"
"SecretService.php","IDENTICAL","C:\Users\Future\chargeguard-woocommerce-backend\woocommerce-chargeguard\vendor\stripe-php\lib\Service\Apps\SecretService.php","0AD7B8ADD25E009ADC975BA072ABED65A2BEDDEDFFDCABBD09F9BA702E3E5318","2237","5/11/2026 2:10:35 PM"
"BillingServiceFactory.php","IDENTICAL","C:\Users\Future\chargeguard-woocommerce-backend\chargeguard-space\woocommerce-chargeguard\vendor\stripe-php\lib\Service\Billing\BillingServiceFactory.php","1AC2F5D432EC71E96B79432C0571B05F4DD67923A02270F46B0ABE08504A18CD","815","7/8/2026 8:44:21 PM"
"BillingServiceFactory.php","IDENTICAL","C:\Users\Future\chargeguard-woocommerce-backend\woocommerce-chargeguard\vendor\stripe-php\lib\Service\Billing\BillingServiceFactory.php","1AC2F5D432EC71E96B79432C0571B05F4DD67923A02270F46B0ABE08504A18CD","815","5/11/2026 2:10:35 PM"
"MeterEventAdjustmentService.php","IDENTICAL","C:\Users\Future\chargeguard-woocommerce-backend\chargeguard-space\woocommerce-chargeguard\vendor\stripe-php\lib\Service\Billing\MeterEventAdjustmentService.php","303ADB63034F7A374236DCD2EAD0E6EAED274AA18E317087F517C839E7B361C5","837","7/8/2026 8:44:21 PM"
"MeterEventAdjustmentService.php","IDENTICAL","C:\Users\Future\chargeguard-woocommerce-backend\woocommerce-chargeguard\vendor\stripe-php\lib\Service\Billing\MeterEventAdjustmentService.php","303ADB63034F7A374236DCD2EAD0E6EAED274AA18E317087F517C839E7B361C5","837","5/11/2026 2:10:35 PM"
"MeterEventService.php","IDENTICAL","C:\Users\Future\chargeguard-woocommerce-backend\chargeguard-space\woocommerce-chargeguard\vendor\stripe-php\lib\Service\Billing\MeterEventService.php","5E060A0C825F17F7505A2D86A4AC2707EA47705CB92DFEC731E0601B649103F7","795","7/8/2026 8:44:21 PM"
"MeterEventService.php","IDENTICAL","C:\Users\Future\chargeguard-woocommerce-backend\woocommerce-chargeguard\vendor\stripe-php\lib\Service\Billing\MeterEventService.php","5E060A0C825F17F7505A2D86A4AC2707EA47705CB92DFEC731E0601B649103F7","795","5/11/2026 2:10:35 PM"
"MeterService.php","IDENTICAL","C:\Users\Future\chargeguard-woocommerce-backend\chargeguard-space\woocommerce-chargeguard\vendor\stripe-php\lib\Service\Billing\MeterService.php","4075FDB06AD5B0507FD9E4F6B705D2A0B93479A0AE202FCB3D7B028B433B0A06","3934","7/8/2026 8:44:21 PM"
"MeterService.php","IDENTICAL","C:\Users\Future\chargeguard-woocommerce-backend\woocommerce-chargeguard\vendor\stripe-php\lib\Service\Billing\MeterService.php","4075FDB06AD5B0507FD9E4F6B705D2A0B93479A0AE202FCB3D7B028B433B0A06","3934","5/11/2026 2:10:35 PM"
"BillingPortalServiceFactory.php","IDENTICAL","C:\Users\Future\chargeguard-woocommerce-backend\chargeguard-space\woocommerce-chargeguard\vendor\stripe-php\lib\Service\BillingPortal\BillingPortalServiceFactory.php","8D783458DA56BB9CE530D022AC14052E66A40DFB870A7BB70F9562A75C270864","716","7/8/2026 8:44:21 PM"
"BillingPortalServiceFactory.php","IDENTICAL","C:\Users\Future\chargeguard-woocommerce-backend\woocommerce-chargeguard\vendor\stripe-php\lib\Service\BillingPortal\BillingPortalServiceFactory.php","8D783458DA56BB9CE530D022AC14052E66A40DFB870A7BB70F9562A75C270864","716","5/11/2026 2:10:35 PM"
"ConfigurationService.php","DIFFERENT","C:\Users\Future\chargeguard-woocommerce-backend\chargeguard-space\woocommerce-chargeguard\vendor\stripe-php\lib\Service\BillingPortal\ConfigurationService.php","C5E9AE0F1D35AF4898E4737397069BCF00321119B7BE29AAB1DEEA668D43387A","2649","7/8/2026 8:44:21 PM"
"ConfigurationService.php","DIFFERENT","C:\Users\Future\chargeguard-woocommerce-backend\chargeguard-space\woocommerce-chargeguard\vendor\stripe-php\lib\Service\Terminal\ConfigurationService.php","558FDD83DFE65966A6F944B610AEF6365D20C077260988AD6E681C515A09D401","2975","7/8/2026 8:44:21 PM"
"ConfigurationService.php","DIFFERENT","C:\Users\Future\chargeguard-woocommerce-backend\woocommerce-chargeguard\vendor\stripe-php\lib\Service\BillingPortal\ConfigurationService.php","C5E9AE0F1D35AF4898E4737397069BCF00321119B7BE29AAB1DEEA668D43387A","2649","5/11/2026 2:10:35 PM"
"ConfigurationService.php","DIFFERENT","C:\Users\Future\chargeguard-woocommerce-backend\woocommerce-chargeguard\vendor\stripe-php\lib\Service\Terminal\ConfigurationService.php","558FDD83DFE65966A6F944B610AEF6365D20C077260988AD6E681C515A09D401","2975","5/11/2026 2:10:36 PM"
"SessionService.php","DIFFERENT","C:\Users\Future\chargeguard-woocommerce-backend\chargeguard-space\woocommerce-chargeguard\vendor\stripe-php\lib\Service\BillingPortal\SessionService.php","12509BBA57AD1FE7D07C4DFEA536853F492587081C9B777FC9E3989EA4902B25","815","7/8/2026 8:44:21 PM"
"SessionService.php","DIFFERENT","C:\Users\Future\chargeguard-woocommerce-backend\chargeguard-space\woocommerce-chargeguard\vendor\stripe-php\lib\Service\Checkout\SessionService.php","2542D832B6ABD142E60891AB729B3F7A1A8BA7FC8E577CFD781AE0D825BCF880","3288","7/8/2026 8:44:21 PM"
"SessionService.php","DIFFERENT","C:\Users\Future\chargeguard-woocommerce-backend\chargeguard-space\woocommerce-chargeguard\vendor\stripe-php\lib\Service\FinancialConnections\SessionService.php","E69D55036543433BA3920F6DA3C5C6FA86F871A7EA65AEEFF5C1E4AE46065A45","1569","7/8/2026 8:44:21 PM"
"SessionService.php","DIFFERENT","C:\Users\Future\chargeguard-woocommerce-backend\woocommerce-chargeguard\vendor\stripe-php\lib\Service\BillingPortal\SessionService.php","12509BBA57AD1FE7D07C4DFEA536853F492587081C9B777FC9E3989EA4902B25","815","5/11/2026 2:10:35 PM"
"SessionService.php","DIFFERENT","C:\Users\Future\chargeguard-woocommerce-backend\woocommerce-chargeguard\vendor\stripe-php\lib\Service\Checkout\SessionService.php","2542D832B6ABD142E60891AB729B3F7A1A8BA7FC8E577CFD781AE0D825BCF880","3288","5/11/2026 2:10:35 PM"
"SessionService.php","DIFFERENT","C:\Users\Future\chargeguard-woocommerce-backend\woocommerce-chargeguard\vendor\stripe-php\lib\Service\FinancialConnections\SessionService.php","E69D55036543433BA3920F6DA3C5C6FA86F871A7EA65AEEFF5C1E4AE46065A45","1569","5/11/2026 2:10:35 PM"
"CheckoutServiceFactory.php","IDENTICAL","C:\Users\Future\chargeguard-woocommerce-backend\chargeguard-space\woocommerce-chargeguard\vendor\stripe-php\lib\Service\Checkout\CheckoutServiceFactory.php","9BB9E02C724A2B72FDA8A9A95626384CDF259F8B06D1C3CBC93587C95269EE73","592","7/8/2026 8:44:21 PM"
"CheckoutServiceFactory.php","IDENTICAL","C:\Users\Future\chargeguard-woocommerce-backend\woocommerce-chargeguard\vendor\stripe-php\lib\Service\Checkout\CheckoutServiceFactory.php","9BB9E02C724A2B72FDA8A9A95626384CDF259F8B06D1C3CBC93587C95269EE73","592","5/11/2026 2:10:35 PM"
"ClimateServiceFactory.php","IDENTICAL","C:\Users\Future\chargeguard-woocommerce-backend\chargeguard-space\woocommerce-chargeguard\vendor\stripe-php\lib\Service\Climate\ClimateServiceFactory.php","27F0C2D8C0F5EAE4618B8DD4704CF5ED2FC1A55078B54E620D57B2ACA6DB90B5","755","7/8/2026 8:44:21 PM"
"ClimateServiceFactory.php","IDENTICAL","C:\Users\Future\chargeguard-woocommerce-backend\woocommerce-chargeguard\vendor\stripe-php\lib\Service\Climate\ClimateServiceFactory.php","27F0C2D8C0F5EAE4618B8DD4704CF5ED2FC1A55078B54E620D57B2ACA6DB90B5","755","5/11/2026 2:10:35 PM"
"OrderService.php","IDENTICAL","C:\Users\Future\chargeguard-woocommerce-backend\chargeguard-space\woocommerce-chargeguard\vendor\stripe-php\lib\Service\Climate\OrderService.php","D1360173FEA9767A979C09E35790ACBBCDB35B4A7F5BFE08EBA99BE602ACFC8B","3539","7/8/2026 8:44:21 PM"
"OrderService.php","IDENTICAL","C:\Users\Future\chargeguard-woocommerce-backend\woocommerce-chargeguard\vendor\stripe-php\lib\Service\Climate\OrderService.php","D1360173FEA9767A979C09E35790ACBBCDB35B4A7F5BFE08EBA99BE602ACFC8B","3539","5/11/2026 2:10:35 PM"
"SupplierService.php","IDENTICAL","C:\Users\Future\chargeguard-woocommerce-backend\chargeguard-space\woocommerce-chargeguard\vendor\stripe-php\lib\Service\Climate\SupplierService.php","B6CA27B2E2596ACFA1467B5B8BE73551D759B5E517B796839223D0183CE68F91","1351","7/8/2026 8:44:21 PM"
"SupplierService.php","IDENTICAL","C:\Users\Future\chargeguard-woocommerce-backend\woocommerce-chargeguard\vendor\stripe-php\lib\Service\Climate\SupplierService.php","B6CA27B2E2596ACFA1467B5B8BE73551D759B5E517B796839223D0183CE68F91","1351","5/11/2026 2:10:35 PM"
"ActiveEntitlementService.php","IDENTICAL","C:\Users\Future\chargeguard-woocommerce-backend\chargeguard-space\woocommerce-chargeguard\vendor\stripe-php\lib\Service\Entitlements\ActiveEntitlementService.php","80B89023F92C2BEFFC4921505C30275D44AC89C40835FF2CC3D15A174079FC3E","1427","7/8/2026 8:44:21 PM"
"ActiveEntitlementService.php","IDENTICAL","C:\Users\Future\chargeguard-woocommerce-backend\woocommerce-chargeguard\vendor\stripe-php\lib\Service\Entitlements\ActiveEntitlementService.php","80B89023F92C2BEFFC4921505C30275D44AC89C40835FF2CC3D15A174079FC3E","1427","5/11/2026 2:10:35 PM"
"EntitlementsServiceFactory.php","IDENTICAL","C:\Users\Future\chargeguard-woocommerce-backend\chargeguard-space\woocommerce-chargeguard\vendor\stripe-php\lib\Service\Entitlements\EntitlementsServiceFactory.php","347B7DEDB23010F5EE93DAB488C47F9A0A38FD769F02D9CD73DF01691E38C489","729","7/8/2026 8:44:21 PM"
"EntitlementsServiceFactory.php","IDENTICAL","C:\Users\Future\chargeguard-woocommerce-backend\woocommerce-chargeguard\vendor\stripe-php\lib\Service\Entitlements\EntitlementsServiceFactory.php","347B7DEDB23010F5EE93DAB488C47F9A0A38FD769F02D9CD73DF01691E38C489","729","5/11/2026 2:10:35 PM"
"FeatureService.php","IDENTICAL","C:\Users\Future\chargeguard-woocommerce-backend\chargeguard-space\woocommerce-chargeguard\vendor\stripe-php\lib\Service\Entitlements\FeatureService.php","3C1DC22E8A6B81EDC88E404E82D4F44E200B20F401E15FD62075B5FCEB4CDB0D","2344","7/8/2026 8:44:21 PM"
"FeatureService.php","IDENTICAL","C:\Users\Future\chargeguard-woocommerce-backend\woocommerce-chargeguard\vendor\stripe-php\lib\Service\Entitlements\FeatureService.php","3C1DC22E8A6B81EDC88E404E82D4F44E200B20F401E15FD62075B5FCEB4CDB0D","2344","5/11/2026 2:10:35 PM"
"FinancialConnectionsServiceFactory.php","IDENTICAL","C:\Users\Future\chargeguard-woocommerce-backend\chargeguard-space\woocommerce-chargeguard\vendor\stripe-php\lib\Service\FinancialConnections\FinancialConnectionsServiceFactory.php","3052EB1745F8FBA7DA202DF757A64FF28BFE0FF5FC511E6108B9FE51E9850447","814","7/8/2026 8:44:21 PM"
"FinancialConnectionsServiceFactory.php","IDENTICAL","C:\Users\Future\chargeguard-woocommerce-backend\woocommerce-chargeguard\vendor\stripe-php\lib\Service\FinancialConnections\FinancialConnectionsServiceFactory.php","3052EB1745F8FBA7DA202DF757A64FF28BFE0FF5FC511E6108B9FE51E9850447","814","5/11/2026 2:10:35 PM"
"TransactionService.php","DIFFERENT","C:\Users\Future\chargeguard-woocommerce-backend\chargeguard-space\woocommerce-chargeguard\vendor\stripe-php\lib\Service\FinancialConnections\TransactionService.php","170610ED7076041E5D3E0CFC6C7D08A6867068E88E1718A5F06FE419BB526652","1499","7/8/2026 8:44:21 PM"
"TransactionService.php","DIFFERENT","C:\Users\Future\chargeguard-woocommerce-backend\chargeguard-space\woocommerce-chargeguard\vendor\stripe-php\lib\Service\Issuing\TransactionService.php","C838E72B31060098F4B32DA5D66D2E60D261B4A7545260456E4BDCE8159C5157","2197","7/8/2026 8:44:21 PM"
"TransactionService.php","DIFFERENT","C:\Users\Future\chargeguard-woocommerce-backend\chargeguard-space\woocommerce-chargeguard\vendor\stripe-php\lib\Service\Tax\TransactionService.php","F3E569175FA4688C94A1F393635C60723B56A6BEE3523BD9D26B1A98A2AF0C68","2524","7/8/2026 8:44:21 PM"
"TransactionService.php","DIFFERENT","C:\Users\Future\chargeguard-woocommerce-backend\chargeguard-space\woocommerce-chargeguard\vendor\stripe-php\lib\Service\TestHelpers\Issuing\TransactionService.php","34B6619D9E1DC02221F256EC9C1501525563D81C9ECD97417DA45AF06500ED23","2009","7/8/2026 8:44:21 PM"
"TransactionService.php","DIFFERENT","C:\Users\Future\chargeguard-woocommerce-backend\chargeguard-space\woocommerce-chargeguard\vendor\stripe-php\lib\Service\Treasury\TransactionService.php","5F240882B3C6F4D252EC67BC9A73EA25639522D3F83617E8147A390D5E6FFC45","1379","7/8/2026 8:44:21 PM"
"TransactionService.php","DIFFERENT","C:\Users\Future\chargeguard-woocommerce-backend\woocommerce-chargeguard\vendor\stripe-php\lib\Service\FinancialConnections\TransactionService.php","170610ED7076041E5D3E0CFC6C7D08A6867068E88E1718A5F06FE419BB526652","1499","5/11/2026 2:10:35 PM"
"TransactionService.php","DIFFERENT","C:\Users\Future\chargeguard-woocommerce-backend\woocommerce-chargeguard\vendor\stripe-php\lib\Service\Issuing\TransactionService.php","C838E72B31060098F4B32DA5D66D2E60D261B4A7545260456E4BDCE8159C5157","2197","5/11/2026 2:10:35 PM"
"TransactionService.php","DIFFERENT","C:\Users\Future\chargeguard-woocommerce-backend\woocommerce-chargeguard\vendor\stripe-php\lib\Service\Tax\TransactionService.php","F3E569175FA4688C94A1F393635C60723B56A6BEE3523BD9D26B1A98A2AF0C68","2524","5/11/2026 2:10:36 PM"
"TransactionService.php","DIFFERENT","C:\Users\Future\chargeguard-woocommerce-backend\woocommerce-chargeguard\vendor\stripe-php\lib\Service\TestHelpers\Issuing\TransactionService.php","34B6619D9E1DC02221F256EC9C1501525563D81C9ECD97417DA45AF06500ED23","2009","5/11/2026 2:10:36 PM"
"TransactionService.php","DIFFERENT","C:\Users\Future\chargeguard-woocommerce-backend\woocommerce-chargeguard\vendor\stripe-php\lib\Service\Treasury\TransactionService.php","5F240882B3C6F4D252EC67BC9A73EA25639522D3F83617E8147A390D5E6FFC45","1379","5/11/2026 2:10:36 PM"
"ForwardingServiceFactory.php","IDENTICAL","C:\Users\Future\chargeguard-woocommerce-backend\chargeguard-space\woocommerce-chargeguard\vendor\stripe-php\lib\Service\Forwarding\ForwardingServiceFactory.php","C9DF778FBFEF29D18EFC0426EAED0681563E27733421576C785D3C1568A6BA01","598","7/8/2026 8:44:21 PM"
"ForwardingServiceFactory.php","IDENTICAL","C:\Users\Future\chargeguard-woocommerce-backend\woocommerce-chargeguard\vendor\stripe-php\lib\Service\Forwarding\ForwardingServiceFactory.php","C9DF778FBFEF29D18EFC0426EAED0681563E27733421576C785D3C1568A6BA01","598","5/11/2026 2:10:35 PM"
"RequestService.php","IDENTICAL","C:\Users\Future\chargeguard-woocommerce-backend\chargeguard-space\woocommerce-chargeguard\vendor\stripe-php\lib\Service\Forwarding\RequestService.php","6D83A15852754D6C60854823D3669BBD98A5ED67DD55F1E4A1263028B5058F66","1820","7/8/2026 8:44:21 PM"
"RequestService.php","IDENTICAL","C:\Users\Future\chargeguard-woocommerce-backend\woocommerce-chargeguard\vendor\stripe-php\lib\Service\Forwarding\RequestService.php","6D83A15852754D6C60854823D3669BBD98A5ED67DD55F1E4A1263028B5058F66","1820","5/11/2026 2:10:35 PM"
"IdentityServiceFactory.php","IDENTICAL","C:\Users\Future\chargeguard-woocommerce-backend\chargeguard-space\woocommerce-chargeguard\vendor\stripe-php\lib\Service\Identity\IdentityServiceFactory.php","2E93A5383F2B98536BC23685D3F2E7F5293CB8BD1698AAA012BC5A2A92EAB5EF","769","7/8/2026 8:44:21 PM"
"IdentityServiceFactory.php","IDENTICAL","C:\Users\Future\chargeguard-woocommerce-backend\woocommerce-chargeguard\vendor\stripe-php\lib\Service\Identity\IdentityServiceFactory.php","2E93A5383F2B98536BC23685D3F2E7F5293CB8BD1698AAA012BC5A2A92EAB5EF","769","5/11/2026 2:10:35 PM"
"VerificationReportService.php","IDENTICAL","C:\Users\Future\chargeguard-woocommerce-backend\chargeguard-space\woocommerce-chargeguard\vendor\stripe-php\lib\Service\Identity\VerificationReportService.php","601BB7EBCCC50B47AD6F6A54E8FA3F965A05128FD8BDC16A9B63C9FCA1C5ADAC","1398","7/8/2026 8:44:21 PM"
"VerificationReportService.php","IDENTICAL","C:\Users\Future\chargeguard-woocommerce-backend\woocommerce-chargeguard\vendor\stripe-php\lib\Service\Identity\VerificationReportService.php","601BB7EBCCC50B47AD6F6A54E8FA3F965A05128FD8BDC16A9B63C9FCA1C5ADAC","1398","5/11/2026 2:10:35 PM"
"VerificationSessionService.php","IDENTICAL","C:\Users\Future\chargeguard-woocommerce-backend\chargeguard-space\woocommerce-chargeguard\vendor\stripe-php\lib\Service\Identity\VerificationSessionService.php","0012D41CFFEA1BDC37C042719BF209C2B96FA6FEEC3EE0C9C140F61AE6FF32ED","6086","7/8/2026 8:44:21 PM"
"VerificationSessionService.php","IDENTICAL","C:\Users\Future\chargeguard-woocommerce-backend\woocommerce-chargeguard\vendor\stripe-php\lib\Service\Identity\VerificationSessionService.php","0012D41CFFEA1BDC37C042719BF209C2B96FA6FEEC3EE0C9C140F61AE6FF32ED","6086","5/11/2026 2:10:35 PM"
"AuthorizationService.php","DIFFERENT","C:\Users\Future\chargeguard-woocommerce-backend\chargeguard-space\woocommerce-chargeguard\vendor\stripe-php\lib\Service\Issuing\AuthorizationService.php","229288BFA1858979A2F99224D66CD2274767D5B39325FBC99494BE0CCB8318B4","4140","7/8/2026 8:44:21 PM"
"AuthorizationService.php","DIFFERENT","C:\Users\Future\chargeguard-woocommerce-backend\chargeguard-space\woocommerce-chargeguard\vendor\stripe-php\lib\Service\TestHelpers\Issuing\AuthorizationService.php","F9A8B3A4724059473C53B5A32E58D7B264AE1E58FB98F9189A5B6E6D56396D4E","3038","7/8/2026 8:44:21 PM"
"AuthorizationService.php","DIFFERENT","C:\Users\Future\chargeguard-woocommerce-backend\woocommerce-chargeguard\vendor\stripe-php\lib\Service\Issuing\AuthorizationService.php","229288BFA1858979A2F99224D66CD2274767D5B39325FBC99494BE0CCB8318B4","4140","5/11/2026 2:10:35 PM"
"AuthorizationService.php","DIFFERENT","C:\Users\Future\chargeguard-woocommerce-backend\woocommerce-chargeguard\vendor\stripe-php\lib\Service\TestHelpers\Issuing\AuthorizationService.php","F9A8B3A4724059473C53B5A32E58D7B264AE1E58FB98F9189A5B6E6D56396D4E","3038","5/11/2026 2:10:36 PM"
"CardholderService.php","IDENTICAL","C:\Users\Future\chargeguard-woocommerce-backend\chargeguard-space\woocommerce-chargeguard\vendor\stripe-php\lib\Service\Issuing\CardholderService.php","8B29F16E2B21D4EE1947371EE02620711BEA5300511DED28A2EB77D3E6C89C16","2697","7/8/2026 8:44:21 PM"
"CardholderService.php","IDENTICAL","C:\Users\Future\chargeguard-woocommerce-backend\woocommerce-chargeguard\vendor\stripe-php\lib\Service\Issuing\CardholderService.php","8B29F16E2B21D4EE1947371EE02620711BEA5300511DED28A2EB77D3E6C89C16","2697","5/11/2026 2:10:35 PM"
"CardService.php","DIFFERENT","C:\Users\Future\chargeguard-woocommerce-backend\chargeguard-space\woocommerce-chargeguard\vendor\stripe-php\lib\Service\Issuing\CardService.php","536DB3191E05C48B8AE6FBB7CB7D533279164F872D504193D200725525372B97","2583","7/8/2026 8:44:21 PM"
"CardService.php","DIFFERENT","C:\Users\Future\chargeguard-woocommerce-backend\chargeguard-space\woocommerce-chargeguard\vendor\stripe-php\lib\Service\TestHelpers\Issuing\CardService.php","7A260905D8B5701D72E786EFA4348463EBBE169CA89AF0FA49A3284F9969DCA7","2815","7/8/2026 8:44:21 PM"
"CardService.php","DIFFERENT","C:\Users\Future\chargeguard-woocommerce-backend\woocommerce-chargeguard\vendor\stripe-php\lib\Service\Issuing\CardService.php","536DB3191E05C48B8AE6FBB7CB7D533279164F872D504193D200725525372B97","2583","5/11/2026 2:10:35 PM"
"CardService.php","DIFFERENT","C:\Users\Future\chargeguard-woocommerce-backend\woocommerce-chargeguard\vendor\stripe-php\lib\Service\TestHelpers\Issuing\CardService.php","7A260905D8B5701D72E786EFA4348463EBBE169CA89AF0FA49A3284F9969DCA7","2815","5/11/2026 2:10:36 PM"
"IssuingServiceFactory.php","DIFFERENT","C:\Users\Future\chargeguard-woocommerce-backend\chargeguard-space\woocommerce-chargeguard\vendor\stripe-php\lib\Service\Issuing\IssuingServiceFactory.php","22C2B27FF2EE3ACE4256F901AEC3F27CC750B0017F8C92324E3A9F0CB878C9D8","1300","7/8/2026 8:44:21 PM"
"IssuingServiceFactory.php","DIFFERENT","C:\Users\Future\chargeguard-woocommerce-backend\chargeguard-space\woocommerce-chargeguard\vendor\stripe-php\lib\Service\TestHelpers\Issuing\IssuingServiceFactory.php","8B87168594BAE089B0DAC1DAB6304A72DC42FE4F6832E1280E0038C07F3961DA","940","7/8/2026 8:44:21 PM"
"IssuingServiceFactory.php","DIFFERENT","C:\Users\Future\chargeguard-woocommerce-backend\woocommerce-chargeguard\vendor\stripe-php\lib\Service\Issuing\IssuingServiceFactory.php","22C2B27FF2EE3ACE4256F901AEC3F27CC750B0017F8C92324E3A9F0CB878C9D8","1300","5/11/2026 2:10:35 PM"
"IssuingServiceFactory.php","DIFFERENT","C:\Users\Future\chargeguard-woocommerce-backend\woocommerce-chargeguard\vendor\stripe-php\lib\Service\TestHelpers\Issuing\IssuingServiceFactory.php","8B87168594BAE089B0DAC1DAB6304A72DC42FE4F6832E1280E0038C07F3961DA","940","5/11/2026 2:10:36 PM"
"PersonalizationDesignService.php","DIFFERENT","C:\Users\Future\chargeguard-woocommerce-backend\chargeguard-space\woocommerce-chargeguard\vendor\stripe-php\lib\Service\Issuing\PersonalizationDesignService.php","B729C60EAADD8472074D66DFC6E128BA4341D5A3F81451C21793D8A004EBACE9","2605","7/8/2026 8:44:21 PM"
"PersonalizationDesignService.php","DIFFERENT","C:\Users\Future\chargeguard-woocommerce-backend\chargeguard-space\woocommerce-chargeguard\vendor\stripe-php\lib\Service\TestHelpers\Issuing\PersonalizationDesignService.php","D2C8465D8462228CBA4ACC29C44C47FC1C82149D91D2B5464A1182FAC80FDAAD","2324","7/8/2026 8:44:21 PM"
"PersonalizationDesignService.php","DIFFERENT","C:\Users\Future\chargeguard-woocommerce-backend\woocommerce-chargeguard\vendor\stripe-php\lib\Service\Issuing\PersonalizationDesignService.php","B729C60EAADD8472074D66DFC6E128BA4341D5A3F81451C21793D8A004EBACE9","2605","5/11/2026 2:10:35 PM"
"PersonalizationDesignService.php","DIFFERENT","C:\Users\Future\chargeguard-woocommerce-backend\woocommerce-chargeguard\vendor\stripe-php\lib\Service\TestHelpers\Issuing\PersonalizationDesignService.php","D2C8465D8462228CBA4ACC29C44C47FC1C82149D91D2B5464A1182FAC80FDAAD","2324","5/11/2026 2:10:36 PM"
"PhysicalBundleService.php","IDENTICAL","C:\Users\Future\chargeguard-woocommerce-backend\chargeguard-space\woocommerce-chargeguard\vendor\stripe-php\lib\Service\Issuing\PhysicalBundleService.php","65442E90B556D7438EF0BFB36767A18DEBDA9238CE474099A13AC0C813354DD0","1503","7/8/2026 8:44:21 PM"
"PhysicalBundleService.php","IDENTICAL","C:\Users\Future\chargeguard-woocommerce-backend\woocommerce-chargeguard\vendor\stripe-php\lib\Service\Issuing\PhysicalBundleService.php","65442E90B556D7438EF0BFB36767A18DEBDA9238CE474099A13AC0C813354DD0","1503","5/11/2026 2:10:35 PM"
"EarlyFraudWarningService.php","IDENTICAL","C:\Users\Future\chargeguard-woocommerce-backend\chargeguard-space\woocommerce-chargeguard\vendor\stripe-php\lib\Service\Radar\EarlyFraudWarningService.php","AB1C550B6378A00B7C3CA7DB2DD96C3C262E75E3CDB9D619C66EB74C99A9C668","1578","7/8/2026 8:44:21 PM"
"EarlyFraudWarningService.php","IDENTICAL","C:\Users\Future\chargeguard-woocommerce-backend\woocommerce-chargeguard\vendor\stripe-php\lib\Service\Radar\EarlyFraudWarningService.php","AB1C550B6378A00B7C3CA7DB2DD96C3C262E75E3CDB9D619C66EB74C99A9C668","1578","5/11/2026 2:10:36 PM"
"RadarServiceFactory.php","IDENTICAL","C:\Users\Future\chargeguard-woocommerce-backend\chargeguard-space\woocommerce-chargeguard\vendor\stripe-php\lib\Service\Radar\RadarServiceFactory.php","111AA23D02FDB06BF5462F959C1E79C3913188313DDA155CE1240E33AA87DBA5","825","7/8/2026 8:44:21 PM"
"RadarServiceFactory.php","IDENTICAL","C:\Users\Future\chargeguard-woocommerce-backend\woocommerce-chargeguard\vendor\stripe-php\lib\Service\Radar\RadarServiceFactory.php","111AA23D02FDB06BF5462F959C1E79C3913188313DDA155CE1240E33AA87DBA5","825","5/11/2026 2:10:36 PM"
"ValueListItemService.php","IDENTICAL","C:\Users\Future\chargeguard-woocommerce-backend\chargeguard-space\woocommerce-chargeguard\vendor\stripe-php\lib\Service\Radar\ValueListItemService.php","B0037B3B7E856FE77C298E920588BFFEDC108FA32CBEB5803D582A188E725684","2650","7/8/2026 8:44:21 PM"
"ValueListItemService.php","IDENTICAL","C:\Users\Future\chargeguard-woocommerce-backend\woocommerce-chargeguard\vendor\stripe-php\lib\Service\Radar\ValueListItemService.php","B0037B3B7E856FE77C298E920588BFFEDC108FA32CBEB5803D582A188E725684","2650","5/11/2026 2:10:36 PM"
"ValueListService.php","IDENTICAL","C:\Users\Future\chargeguard-woocommerce-backend\chargeguard-space\woocommerce-chargeguard\vendor\stripe-php\lib\Service\Radar\ValueListService.php","A20866E1168C44C8C74C4EF3E248D79F0DB641404432CD7A027F90099F8D1771","3358","7/8/2026 8:44:21 PM"
"ValueListService.php","IDENTICAL","C:\Users\Future\chargeguard-woocommerce-backend\woocommerce-chargeguard\vendor\stripe-php\lib\Service\Radar\ValueListService.php","A20866E1168C44C8C74C4EF3E248D79F0DB641404432CD7A027F90099F8D1771","3358","5/11/2026 2:10:36 PM"
"ReportingServiceFactory.php","IDENTICAL","C:\Users\Future\chargeguard-woocommerce-backend\chargeguard-space\woocommerce-chargeguard\vendor\stripe-php\lib\Service\Reporting\ReportingServiceFactory.php","7501AE2CC9DCAE5580C18025BC2E1E9957426F06BD6CF37E83C49BEBBB53B03C","700","7/8/2026 8:44:21 PM"
"ReportingServiceFactory.php","IDENTICAL","C:\Users\Future\chargeguard-woocommerce-backend\woocommerce-chargeguard\vendor\stripe-php\lib\Service\Reporting\ReportingServiceFactory.php","7501AE2CC9DCAE5580C18025BC2E1E9957426F06BD6CF37E83C49BEBBB53B03C","700","5/11/2026 2:10:36 PM"
"ReportRunService.php","IDENTICAL","C:\Users\Future\chargeguard-woocommerce-backend\chargeguard-space\woocommerce-chargeguard\vendor\stripe-php\lib\Service\Reporting\ReportRunService.php","FD34829DA3CFECA47FA3BF4E762F3A63551301CFA4E26212212B84F7D5EA6BC4","2008","7/8/2026 8:44:21 PM"
"ReportRunService.php","IDENTICAL","C:\Users\Future\chargeguard-woocommerce-backend\woocommerce-chargeguard\vendor\stripe-php\lib\Service\Reporting\ReportRunService.php","FD34829DA3CFECA47FA3BF4E762F3A63551301CFA4E26212212B84F7D5EA6BC4","2008","5/11/2026 2:10:36 PM"
"ReportTypeService.php","IDENTICAL","C:\Users\Future\chargeguard-woocommerce-backend\chargeguard-space\woocommerce-chargeguard\vendor\stripe-php\lib\Service\Reporting\ReportTypeService.php","4E842ACC53CFFA3C432AEBC8AAD20E21B1AC2360A11FCC93BDDEFDA0945BB6A1","1487","7/8/2026 8:44:21 PM"
"ReportTypeService.php","IDENTICAL","C:\Users\Future\chargeguard-woocommerce-backend\woocommerce-chargeguard\vendor\stripe-php\lib\Service\Reporting\ReportTypeService.php","4E842ACC53CFFA3C432AEBC8AAD20E21B1AC2360A11FCC93BDDEFDA0945BB6A1","1487","5/11/2026 2:10:36 PM"
"ScheduledQueryRunService.php","IDENTICAL","C:\Users\Future\chargeguard-woocommerce-backend\chargeguard-space\woocommerce-chargeguard\vendor\stripe-php\lib\Service\Sigma\ScheduledQueryRunService.php","F13FD1619B6F44819C9C6CF0BD667EEE6FBF85AB8D3F91B7063692AE2A2DBC3E","1396","7/8/2026 8:44:21 PM"
"ScheduledQueryRunService.php","IDENTICAL","C:\Users\Future\chargeguard-woocommerce-backend\woocommerce-chargeguard\vendor\stripe-php\lib\Service\Sigma\ScheduledQueryRunService.php","F13FD1619B6F44819C9C6CF0BD667EEE6FBF85AB8D3F91B7063692AE2A2DBC3E","1396","5/11/2026 2:10:36 PM"
"SigmaServiceFactory.php","IDENTICAL","C:\Users\Future\chargeguard-woocommerce-backend\chargeguard-space\woocommerce-chargeguard\vendor\stripe-php\lib\Service\Sigma\SigmaServiceFactory.php","6A2388AAB65A108365D88A81FAD122567E17BA09AE6018749AE9BAB9931A4F04","623","7/8/2026 8:44:21 PM"
"SigmaServiceFactory.php","IDENTICAL","C:\Users\Future\chargeguard-woocommerce-backend\woocommerce-chargeguard\vendor\stripe-php\lib\Service\Sigma\SigmaServiceFactory.php","6A2388AAB65A108365D88A81FAD122567E17BA09AE6018749AE9BAB9931A4F04","623","5/11/2026 2:10:36 PM"
"CalculationService.php","IDENTICAL","C:\Users\Future\chargeguard-woocommerce-backend\chargeguard-space\woocommerce-chargeguard\vendor\stripe-php\lib\Service\Tax\CalculationService.php","3ACF98466278282DAFD08859E580C403972AA7F8A07FA381A35CB34BE4F49D3F","1444","7/8/2026 8:44:21 PM"
"CalculationService.php","IDENTICAL","C:\Users\Future\chargeguard-woocommerce-backend\woocommerce-chargeguard\vendor\stripe-php\lib\Service\Tax\CalculationService.php","3ACF98466278282DAFD08859E580C403972AA7F8A07FA381A35CB34BE4F49D3F","1444","5/11/2026 2:10:36 PM"
"RegistrationService.php","IDENTICAL","C:\Users\Future\chargeguard-woocommerce-backend\chargeguard-space\woocommerce-chargeguard\vendor\stripe-php\lib\Service\Tax\RegistrationService.php","B363E976BA6AD2BE172868DA32E4490BF356A2D68E2246AC67759AC613716620","2562","7/8/2026 8:44:21 PM"
"RegistrationService.php","IDENTICAL","C:\Users\Future\chargeguard-woocommerce-backend\woocommerce-chargeguard\vendor\stripe-php\lib\Service\Tax\RegistrationService.php","B363E976BA6AD2BE172868DA32E4490BF356A2D68E2246AC67759AC613716620","2562","5/11/2026 2:10:36 PM"
"SettingsService.php","IDENTICAL","C:\Users\Future\chargeguard-woocommerce-backend\chargeguard-space\woocommerce-chargeguard\vendor\stripe-php\lib\Service\Tax\SettingsService.php","F3F960F2BBB4FCD3C94F137B3E744E294FF76CC31F5D1D98FE5244C93DDF84D1","1356","7/8/2026 8:44:21 PM"
"SettingsService.php","IDENTICAL","C:\Users\Future\chargeguard-woocommerce-backend\woocommerce-chargeguard\vendor\stripe-php\lib\Service\Tax\SettingsService.php","F3F960F2BBB4FCD3C94F137B3E744E294FF76CC31F5D1D98FE5244C93DDF84D1","1356","5/11/2026 2:10:36 PM"
"TaxServiceFactory.php","IDENTICAL","C:\Users\Future\chargeguard-woocommerce-backend\chargeguard-space\woocommerce-chargeguard\vendor\stripe-php\lib\Service\Tax\TaxServiceFactory.php","B73CF6BD3395BEA730DEB42F63C397CA1F2AC7C0B2E2D6FD5BCB120A38E4BC07","886","7/8/2026 8:44:21 PM"
"TaxServiceFactory.php","IDENTICAL","C:\Users\Future\chargeguard-woocommerce-backend\woocommerce-chargeguard\vendor\stripe-php\lib\Service\Tax\TaxServiceFactory.php","B73CF6BD3395BEA730DEB42F63C397CA1F2AC7C0B2E2D6FD5BCB120A38E4BC07","886","5/11/2026 2:10:36 PM"
"ConnectionTokenService.php","IDENTICAL","C:\Users\Future\chargeguard-woocommerce-backend\chargeguard-space\woocommerce-chargeguard\vendor\stripe-php\lib\Service\Terminal\ConnectionTokenService.php","C06DE24BEEF59D16C921B5051F489202CDCF49D160CAC91C23A4FC246B8266EB","1014","7/8/2026 8:44:21 PM"
"ConnectionTokenService.php","IDENTICAL","C:\Users\Future\chargeguard-woocommerce-backend\woocommerce-chargeguard\vendor\stripe-php\lib\Service\Terminal\ConnectionTokenService.php","C06DE24BEEF59D16C921B5051F489202CDCF49D160CAC91C23A4FC246B8266EB","1014","5/11/2026 2:10:36 PM"
"LocationService.php","IDENTICAL","C:\Users\Future\chargeguard-woocommerce-backend\chargeguard-space\woocommerce-chargeguard\vendor\stripe-php\lib\Service\Terminal\LocationService.php","327454481EC307FFC480C6AB0E97DE7EB0FC76A6376BCEF6F500169F3C475C6D","3173","7/8/2026 8:44:21 PM"
"LocationService.php","IDENTICAL","C:\Users\Future\chargeguard-woocommerce-backend\woocommerce-chargeguard\vendor\stripe-php\lib\Service\Terminal\LocationService.php","327454481EC307FFC480C6AB0E97DE7EB0FC76A6376BCEF6F500169F3C475C6D","3173","5/11/2026 2:10:36 PM"
"ReaderService.php","DIFFERENT","C:\Users\Future\chargeguard-woocommerce-backend\chargeguard-space\woocommerce-chargeguard\vendor\stripe-php\lib\Service\Terminal\ReaderService.php","C15F16C2CCFDCE3697BFAD93C6AEF229D8D2BC4DE5FA5B9E1C941F88AA5079D6","5707","7/8/2026 8:44:21 PM"
"ReaderService.php","DIFFERENT","C:\Users\Future\chargeguard-woocommerce-backend\chargeguard-space\woocommerce-chargeguard\vendor\stripe-php\lib\Service\TestHelpers\Terminal\ReaderService.php","91A21F45303F0E658D3115D05FD15242CFAA8E1F939375BD0A811F80DA6A8061","1017","7/8/2026 8:44:21 PM"
"ReaderService.php","DIFFERENT","C:\Users\Future\chargeguard-woocommerce-backend\woocommerce-chargeguard\vendor\stripe-php\lib\Service\Terminal\ReaderService.php","C15F16C2CCFDCE3697BFAD93C6AEF229D8D2BC4DE5FA5B9E1C941F88AA5079D6","5707","5/11/2026 2:10:36 PM"
"ReaderService.php","DIFFERENT","C:\Users\Future\chargeguard-woocommerce-backend\woocommerce-chargeguard\vendor\stripe-php\lib\Service\TestHelpers\Terminal\ReaderService.php","91A21F45303F0E658D3115D05FD15242CFAA8E1F939375BD0A811F80DA6A8061","1017","5/11/2026 2:10:36 PM"
"TerminalServiceFactory.php","DIFFERENT","C:\Users\Future\chargeguard-woocommerce-backend\chargeguard-space\woocommerce-chargeguard\vendor\stripe-php\lib\Service\Terminal\TerminalServiceFactory.php","F93D521BF6B33075D3F74637F8F825D70AB808ACB169AA5E00A54E38C3BF658C","903","7/8/2026 8:44:21 PM"
"TerminalServiceFactory.php","DIFFERENT","C:\Users\Future\chargeguard-woocommerce-backend\chargeguard-space\woocommerce-chargeguard\vendor\stripe-php\lib\Service\TestHelpers\Terminal\TerminalServiceFactory.php","ECE59F81CC40BC1900513A0345E374912C640B4D69D543969AAB13C771DB61FB","600","7/8/2026 8:44:21 PM"
"TerminalServiceFactory.php","DIFFERENT","C:\Users\Future\chargeguard-woocommerce-backend\woocommerce-chargeguard\vendor\stripe-php\lib\Service\Terminal\TerminalServiceFactory.php","F93D521BF6B33075D3F74637F8F825D70AB808ACB169AA5E00A54E38C3BF658C","903","5/11/2026 2:10:36 PM"
"TerminalServiceFactory.php","DIFFERENT","C:\Users\Future\chargeguard-woocommerce-backend\woocommerce-chargeguard\vendor\stripe-php\lib\Service\TestHelpers\Terminal\TerminalServiceFactory.php","ECE59F81CC40BC1900513A0345E374912C640B4D69D543969AAB13C771DB61FB","600","5/11/2026 2:10:36 PM"
"TestClockService.php","IDENTICAL","C:\Users\Future\chargeguard-woocommerce-backend\chargeguard-space\woocommerce-chargeguard\vendor\stripe-php\lib\Service\TestHelpers\TestClockService.php","13AC5E52BE5369EBCA9CD982F0BC970BBDE5B81834C03F802A53C56D41F99E6B","3032","7/8/2026 8:44:21 PM"
"TestClockService.php","IDENTICAL","C:\Users\Future\chargeguard-woocommerce-backend\woocommerce-chargeguard\vendor\stripe-php\lib\Service\TestHelpers\TestClockService.php","13AC5E52BE5369EBCA9CD982F0BC970BBDE5B81834C03F802A53C56D41F99E6B","3032","5/11/2026 2:10:36 PM"
"TestHelpersServiceFactory.php","IDENTICAL","C:\Users\Future\chargeguard-woocommerce-backend\chargeguard-space\woocommerce-chargeguard\vendor\stripe-php\lib\Service\TestHelpers\TestHelpersServiceFactory.php","49B2368A2922AF5E94DE74C478D6A11FC514F975E40B0BC7EB05D569020FDF70","1255","7/8/2026 8:44:21 PM"
"TestHelpersServiceFactory.php","IDENTICAL","C:\Users\Future\chargeguard-woocommerce-backend\woocommerce-chargeguard\vendor\stripe-php\lib\Service\TestHelpers\TestHelpersServiceFactory.php","49B2368A2922AF5E94DE74C478D6A11FC514F975E40B0BC7EB05D569020FDF70","1255","5/11/2026 2:10:36 PM"
"InboundTransferService.php","DIFFERENT","C:\Users\Future\chargeguard-woocommerce-backend\chargeguard-space\woocommerce-chargeguard\vendor\stripe-php\lib\Service\TestHelpers\Treasury\InboundTransferService.php","98937224F20D3D788CC1C536339106289D3313428BD60D9B870D09FBFFD0AF3C","2469","7/8/2026 8:44:21 PM"
"InboundTransferService.php","DIFFERENT","C:\Users\Future\chargeguard-woocommerce-backend\chargeguard-space\woocommerce-chargeguard\vendor\stripe-php\lib\Service\Treasury\InboundTransferService.php","999E06B2DF3166F7ECD7158EFFB412E8B13BF884C496FB8AF52DAE0D72C472C6","2449","7/8/2026 8:44:21 PM"
"InboundTransferService.php","DIFFERENT","C:\Users\Future\chargeguard-woocommerce-backend\woocommerce-chargeguard\vendor\stripe-php\lib\Service\TestHelpers\Treasury\InboundTransferService.php","98937224F20D3D788CC1C536339106289D3313428BD60D9B870D09FBFFD0AF3C","2469","5/11/2026 2:10:36 PM"
"InboundTransferService.php","DIFFERENT","C:\Users\Future\chargeguard-woocommerce-backend\woocommerce-chargeguard\vendor\stripe-php\lib\Service\Treasury\InboundTransferService.php","999E06B2DF3166F7ECD7158EFFB412E8B13BF884C496FB8AF52DAE0D72C472C6","2449","5/11/2026 2:10:36 PM"
"OutboundPaymentService.php","DIFFERENT","C:\Users\Future\chargeguard-woocommerce-backend\chargeguard-space\woocommerce-chargeguard\vendor\stripe-php\lib\Service\TestHelpers\Treasury\OutboundPaymentService.php","9FCF968897F4887EDE8574E7CAD135859B8735B9F22D0B38D518C698E9C05DE2","2441","7/8/2026 8:44:21 PM"
"OutboundPaymentService.php","DIFFERENT","C:\Users\Future\chargeguard-woocommerce-backend\chargeguard-space\woocommerce-chargeguard\vendor\stripe-php\lib\Service\Treasury\OutboundPaymentService.php","E10DBA8B8044182B3681E38FA46CB32BE3DC2AB3C5D645E41436A5C0D8D57B2B","2578","7/8/2026 8:44:21 PM"
"OutboundPaymentService.php","DIFFERENT","C:\Users\Future\chargeguard-woocommerce-backend\woocommerce-chargeguard\vendor\stripe-php\lib\Service\TestHelpers\Treasury\OutboundPaymentService.php","9FCF968897F4887EDE8574E7CAD135859B8735B9F22D0B38D518C698E9C05DE2","2441","5/11/2026 2:10:36 PM"
"OutboundPaymentService.php","DIFFERENT","C:\Users\Future\chargeguard-woocommerce-backend\woocommerce-chargeguard\vendor\stripe-php\lib\Service\Treasury\OutboundPaymentService.php","E10DBA8B8044182B3681E38FA46CB32BE3DC2AB3C5D645E41436A5C0D8D57B2B","2578","5/11/2026 2:10:36 PM"
"OutboundTransferService.php","DIFFERENT","C:\Users\Future\chargeguard-woocommerce-backend\chargeguard-space\woocommerce-chargeguard\vendor\stripe-php\lib\Service\TestHelpers\Treasury\OutboundTransferService.php","EEC5B66AD61BBB3E8DEDC85C0CE1CE155FC167AB542B492F0440626EE93C204D","2455","7/8/2026 8:44:21 PM"
"OutboundTransferService.php","DIFFERENT","C:\Users\Future\chargeguard-woocommerce-backend\chargeguard-space\woocommerce-chargeguard\vendor\stripe-php\lib\Service\Treasury\OutboundTransferService.php","F88E5BC225DACE58EC113D28516005E98D2C48395948501B41E4717C5C3E9926","2643","7/8/2026 8:44:21 PM"
"OutboundTransferService.php","DIFFERENT","C:\Users\Future\chargeguard-woocommerce-backend\woocommerce-chargeguard\vendor\stripe-php\lib\Service\TestHelpers\Treasury\OutboundTransferService.php","EEC5B66AD61BBB3E8DEDC85C0CE1CE155FC167AB542B492F0440626EE93C204D","2455","5/11/2026 2:10:36 PM"
"OutboundTransferService.php","DIFFERENT","C:\Users\Future\chargeguard-woocommerce-backend\woocommerce-chargeguard\vendor\stripe-php\lib\Service\Treasury\OutboundTransferService.php","F88E5BC225DACE58EC113D28516005E98D2C48395948501B41E4717C5C3E9926","2643","5/11/2026 2:10:36 PM"
"ReceivedCreditService.php","DIFFERENT","C:\Users\Future\chargeguard-woocommerce-backend\chargeguard-space\woocommerce-chargeguard\vendor\stripe-php\lib\Service\TestHelpers\Treasury\ReceivedCreditService.php","83C975105C0AF5462EEAA8F36A144E835CB3D399518DE9E035805131C830FAA2","991","7/8/2026 8:44:21 PM"
"ReceivedCreditService.php","DIFFERENT","C:\Users\Future\chargeguard-woocommerce-backend\chargeguard-space\woocommerce-chargeguard\vendor\stripe-php\lib\Service\Treasury\ReceivedCreditService.php","892BB287F00301F8C7049F3018AFA2A6F775A7E6B04C45F116E3F7AB425D8503","1470","7/8/2026 8:44:21 PM"
"ReceivedCreditService.php","DIFFERENT","C:\Users\Future\chargeguard-woocommerce-backend\woocommerce-chargeguard\vendor\stripe-php\lib\Service\TestHelpers\Treasury\ReceivedCreditService.php","83C975105C0AF5462EEAA8F36A144E835CB3D399518DE9E035805131C830FAA2","991","5/11/2026 2:10:36 PM"
"ReceivedCreditService.php","DIFFERENT","C:\Users\Future\chargeguard-woocommerce-backend\woocommerce-chargeguard\vendor\stripe-php\lib\Service\Treasury\ReceivedCreditService.php","892BB287F00301F8C7049F3018AFA2A6F775A7E6B04C45F116E3F7AB425D8503","1470","5/11/2026 2:10:36 PM"
"ReceivedDebitService.php","DIFFERENT","C:\Users\Future\chargeguard-woocommerce-backend\chargeguard-space\woocommerce-chargeguard\vendor\stripe-php\lib\Service\TestHelpers\Treasury\ReceivedDebitService.php","DC607AD0C0A0D8C5CBF135FF052D0AE02DD10E36C35D5657246589B94C742A0B","986","7/8/2026 8:44:21 PM"
"ReceivedDebitService.php","DIFFERENT","C:\Users\Future\chargeguard-woocommerce-backend\chargeguard-space\woocommerce-chargeguard\vendor\stripe-php\lib\Service\Treasury\ReceivedDebitService.php","12EDA65820DE3855E31120285D5EE3199E90A66662A420E5274CA160B72AE793","1461","7/8/2026 8:44:21 PM"
"ReceivedDebitService.php","DIFFERENT","C:\Users\Future\chargeguard-woocommerce-backend\woocommerce-chargeguard\vendor\stripe-php\lib\Service\TestHelpers\Treasury\ReceivedDebitService.php","DC607AD0C0A0D8C5CBF135FF052D0AE02DD10E36C35D5657246589B94C742A0B","986","5/11/2026 2:10:36 PM"
"ReceivedDebitService.php","DIFFERENT","C:\Users\Future\chargeguard-woocommerce-backend\woocommerce-chargeguard\vendor\stripe-php\lib\Service\Treasury\ReceivedDebitService.php","12EDA65820DE3855E31120285D5EE3199E90A66662A420E5274CA160B72AE793","1461","5/11/2026 2:10:36 PM"
"TreasuryServiceFactory.php","DIFFERENT","C:\Users\Future\chargeguard-woocommerce-backend\chargeguard-space\woocommerce-chargeguard\vendor\stripe-php\lib\Service\TestHelpers\Treasury\TreasuryServiceFactory.php","B1F29B95C0914591341461D36DC7BD70E38627AC318ABAD6C32C856F13E48A3D","1096","7/8/2026 8:44:21 PM"
"TreasuryServiceFactory.php","DIFFERENT","C:\Users\Future\chargeguard-woocommerce-backend\chargeguard-space\woocommerce-chargeguard\vendor\stripe-php\lib\Service\Treasury\TreasuryServiceFactory.php","D2CF9A1F08C327F25635BE627F8395049E143D386065F480F7A53BFE40CB4145","1651","7/8/2026 8:44:21 PM"
"TreasuryServiceFactory.php","DIFFERENT","C:\Users\Future\chargeguard-woocommerce-backend\woocommerce-chargeguard\vendor\stripe-php\lib\Service\TestHelpers\Treasury\TreasuryServiceFactory.php","B1F29B95C0914591341461D36DC7BD70E38627AC318ABAD6C32C856F13E48A3D","1096","5/11/2026 2:10:36 PM"
"TreasuryServiceFactory.php","DIFFERENT","C:\Users\Future\chargeguard-woocommerce-backend\woocommerce-chargeguard\vendor\stripe-php\lib\Service\Treasury\TreasuryServiceFactory.php","D2CF9A1F08C327F25635BE627F8395049E143D386065F480F7A53BFE40CB4145","1651","5/11/2026 2:10:36 PM"
"CreditReversalService.php","IDENTICAL","C:\Users\Future\chargeguard-woocommerce-backend\chargeguard-space\woocommerce-chargeguard\vendor\stripe-php\lib\Service\Treasury\CreditReversalService.php","4012AEE9F1E79A1D6BD28BDA1F8F76CC111660A912F451A1D9D3ED30C33B14DA","2025","7/8/2026 8:44:21 PM"
"CreditReversalService.php","IDENTICAL","C:\Users\Future\chargeguard-woocommerce-backend\woocommerce-chargeguard\vendor\stripe-php\lib\Service\Treasury\CreditReversalService.php","4012AEE9F1E79A1D6BD28BDA1F8F76CC111660A912F451A1D9D3ED30C33B14DA","2025","5/11/2026 2:10:36 PM"
"DebitReversalService.php","IDENTICAL","C:\Users\Future\chargeguard-woocommerce-backend\chargeguard-space\woocommerce-chargeguard\vendor\stripe-php\lib\Service\Treasury\DebitReversalService.php","02BCB3AF28B6F4A3170E4973591319698DFD8592B5099D5BDBFE97758C197F84","1869","7/8/2026 8:44:21 PM"
"DebitReversalService.php","IDENTICAL","C:\Users\Future\chargeguard-woocommerce-backend\woocommerce-chargeguard\vendor\stripe-php\lib\Service\Treasury\DebitReversalService.php","02BCB3AF28B6F4A3170E4973591319698DFD8592B5099D5BDBFE97758C197F84","1869","5/11/2026 2:10:36 PM"
"FinancialAccountService.php","IDENTICAL","C:\Users\Future\chargeguard-woocommerce-backend\chargeguard-space\woocommerce-chargeguard\vendor\stripe-php\lib\Service\Treasury\FinancialAccountService.php","905014CC2A9C7058B4FD3D11752C1649BBA5DE97FCA8AA64AADD2265996E77DB","3680","7/8/2026 8:44:21 PM"
"FinancialAccountService.php","IDENTICAL","C:\Users\Future\chargeguard-woocommerce-backend\woocommerce-chargeguard\vendor\stripe-php\lib\Service\Treasury\FinancialAccountService.php","905014CC2A9C7058B4FD3D11752C1649BBA5DE97FCA8AA64AADD2265996E77DB","3680","5/11/2026 2:10:36 PM"
"TransactionEntryService.php","IDENTICAL","C:\Users\Future\chargeguard-woocommerce-backend\chargeguard-space\woocommerce-chargeguard\vendor\stripe-php\lib\Service\Treasury\TransactionEntryService.php","05178E8BBA2CE1AF37DBD04826FE4FAD5911F5B39B326E0524C01E18ED11D8CA","1400","7/8/2026 8:44:21 PM"
"TransactionEntryService.php","IDENTICAL","C:\Users\Future\chargeguard-woocommerce-backend\woocommerce-chargeguard\vendor\stripe-php\lib\Service\Treasury\TransactionEntryService.php","05178E8BBA2CE1AF37DBD04826FE4FAD5911F5B39B326E0524C01E18ED11D8CA","1400","5/11/2026 2:10:36 PM"
"ScheduledQueryRun.php","IDENTICAL","C:\Users\Future\chargeguard-woocommerce-backend\chargeguard-space\woocommerce-chargeguard\vendor\stripe-php\lib\Sigma\ScheduledQueryRun.php","87EB2572B049A89B90F47E3E0F5ED19D3517CCAC838CEA05038CED7BDCA66499","1821","7/8/2026 8:44:21 PM"
"ScheduledQueryRun.php","IDENTICAL","C:\Users\Future\chargeguard-woocommerce-backend\woocommerce-chargeguard\vendor\stripe-php\lib\Sigma\ScheduledQueryRun.php","87EB2572B049A89B90F47E3E0F5ED19D3517CCAC838CEA05038CED7BDCA66499","1821","5/11/2026 2:10:36 PM"
"Calculation.php","IDENTICAL","C:\Users\Future\chargeguard-woocommerce-backend\chargeguard-space\woocommerce-chargeguard\vendor\stripe-php\lib\Tax\Calculation.php","205AA4540426991945A8FB4E2EF9688B542A5FA0541206C139A46C90057587AE","2701","7/8/2026 8:44:21 PM"
"Calculation.php","IDENTICAL","C:\Users\Future\chargeguard-woocommerce-backend\woocommerce-chargeguard\vendor\stripe-php\lib\Tax\Calculation.php","205AA4540426991945A8FB4E2EF9688B542A5FA0541206C139A46C90057587AE","2701","5/11/2026 2:10:36 PM"
"CalculationLineItem.php","IDENTICAL","C:\Users\Future\chargeguard-woocommerce-backend\chargeguard-space\woocommerce-chargeguard\vendor\stripe-php\lib\Tax\CalculationLineItem.php","742636F7DB480DF10A38EDACD912E5B9C5E95F60A1A500E989F05839B49D4035","1807","7/8/2026 8:44:21 PM"
"CalculationLineItem.php","IDENTICAL","C:\Users\Future\chargeguard-woocommerce-backend\woocommerce-chargeguard\vendor\stripe-php\lib\Tax\CalculationLineItem.php","742636F7DB480DF10A38EDACD912E5B9C5E95F60A1A500E989F05839B49D4035","1807","5/11/2026 2:10:36 PM"
"Registration.php","IDENTICAL","C:\Users\Future\chargeguard-woocommerce-backend\chargeguard-space\woocommerce-chargeguard\vendor\stripe-php\lib\Tax\Registration.php","4DD47604B09F79DC96E3B5894D9C9257D0287CC074F07DEF11A890D9D1D2BC68","2172","7/8/2026 8:44:21 PM"
"Registration.php","IDENTICAL","C:\Users\Future\chargeguard-woocommerce-backend\woocommerce-chargeguard\vendor\stripe-php\lib\Tax\Registration.php","4DD47604B09F79DC96E3B5894D9C9257D0287CC074F07DEF11A890D9D1D2BC68","2172","5/11/2026 2:10:36 PM"
"Settings.php","IDENTICAL","C:\Users\Future\chargeguard-woocommerce-backend\chargeguard-space\woocommerce-chargeguard\vendor\stripe-php\lib\Tax\Settings.php","0305D391585197EA43E4090E3F2B002A972CFF85BE770BB04CB34E65E35DAC1F","1824","7/8/2026 8:44:21 PM"
"Settings.php","IDENTICAL","C:\Users\Future\chargeguard-woocommerce-backend\woocommerce-chargeguard\vendor\stripe-php\lib\Tax\Settings.php","0305D391585197EA43E4090E3F2B002A972CFF85BE770BB04CB34E65E35DAC1F","1824","5/11/2026 2:10:36 PM"
"TransactionLineItem.php","IDENTICAL","C:\Users\Future\chargeguard-woocommerce-backend\chargeguard-space\woocommerce-chargeguard\vendor\stripe-php\lib\Tax\TransactionLineItem.php","C0A1EF35457F651824C8F532F8BA1B21337129961E4E9561660CA0C4A9531964","2277","7/8/2026 8:44:21 PM"
"TransactionLineItem.php","IDENTICAL","C:\Users\Future\chargeguard-woocommerce-backend\woocommerce-chargeguard\vendor\stripe-php\lib\Tax\TransactionLineItem.php","C0A1EF35457F651824C8F532F8BA1B21337129961E4E9561660CA0C4A9531964","2277","5/11/2026 2:10:36 PM"
"ConnectionToken.php","IDENTICAL","C:\Users\Future\chargeguard-woocommerce-backend\chargeguard-space\woocommerce-chargeguard\vendor\stripe-php\lib\Terminal\ConnectionToken.php","CBC5CC18F54B5578D40D646887338F2518927DC6E807040CC8FF3A07934318AA","958","7/8/2026 8:44:21 PM"
"ConnectionToken.php","IDENTICAL","C:\Users\Future\chargeguard-woocommerce-backend\woocommerce-chargeguard\vendor\stripe-php\lib\Terminal\ConnectionToken.php","CBC5CC18F54B5578D40D646887338F2518927DC6E807040CC8FF3A07934318AA","958","5/11/2026 2:10:36 PM"
"Location.php","IDENTICAL","C:\Users\Future\chargeguard-woocommerce-backend\chargeguard-space\woocommerce-chargeguard\vendor\stripe-php\lib\Terminal\Location.php","833A5DA64A14143F03BB3F1E681AD5555CBF0730725F49D7B376AF7F758CAA44","1375","7/8/2026 8:44:21 PM"
"Location.php","IDENTICAL","C:\Users\Future\chargeguard-woocommerce-backend\woocommerce-chargeguard\vendor\stripe-php\lib\Terminal\Location.php","833A5DA64A14143F03BB3F1E681AD5555CBF0730725F49D7B376AF7F758CAA44","1375","5/11/2026 2:10:36 PM"
"Reader.php","IDENTICAL","C:\Users\Future\chargeguard-woocommerce-backend\chargeguard-space\woocommerce-chargeguard\vendor\stripe-php\lib\Terminal\Reader.php","BD1DD3E481327BD453A001D74128451CCBFE15A20C06D8DAE9F9BE83EAC66EFA","5199","7/8/2026 8:44:21 PM"
"Reader.php","IDENTICAL","C:\Users\Future\chargeguard-woocommerce-backend\woocommerce-chargeguard\vendor\stripe-php\lib\Terminal\Reader.php","BD1DD3E481327BD453A001D74128451CCBFE15A20C06D8DAE9F9BE83EAC66EFA","5199","5/11/2026 2:10:36 PM"
"TestClock.php","IDENTICAL","C:\Users\Future\chargeguard-woocommerce-backend\chargeguard-space\woocommerce-chargeguard\vendor\stripe-php\lib\TestHelpers\TestClock.php","49B03F0900A252120C6837AD4F069A11D0D2B5C39B8B4315DCD5D5E702279ADB","2243","7/8/2026 8:44:21 PM"
"TestClock.php","IDENTICAL","C:\Users\Future\chargeguard-woocommerce-backend\woocommerce-chargeguard\vendor\stripe-php\lib\TestHelpers\TestClock.php","49B03F0900A252120C6837AD4F069A11D0D2B5C39B8B4315DCD5D5E702279ADB","2243","5/11/2026 2:10:36 PM"
"CreditReversal.php","IDENTICAL","C:\Users\Future\chargeguard-woocommerce-backend\chargeguard-space\woocommerce-chargeguard\vendor\stripe-php\lib\Treasury\CreditReversal.php","3E3F495980D057D31D24E1B481B25A7F910EA4C0F3EE501F77B4766A6FFAB1F6","2448","7/8/2026 8:44:21 PM"
"CreditReversal.php","IDENTICAL","C:\Users\Future\chargeguard-woocommerce-backend\woocommerce-chargeguard\vendor\stripe-php\lib\Treasury\CreditReversal.php","3E3F495980D057D31D24E1B481B25A7F910EA4C0F3EE501F77B4766A6FFAB1F6","2448","5/11/2026 2:10:36 PM"
"DebitReversal.php","IDENTICAL","C:\Users\Future\chargeguard-woocommerce-backend\chargeguard-space\woocommerce-chargeguard\vendor\stripe-php\lib\Treasury\DebitReversal.php","3042850119A60DA658CFCCBFE79C413F5E091D0F48761006F9044DAA59F76D68","2535","7/8/2026 8:44:21 PM"
"DebitReversal.php","IDENTICAL","C:\Users\Future\chargeguard-woocommerce-backend\woocommerce-chargeguard\vendor\stripe-php\lib\Treasury\DebitReversal.php","3042850119A60DA658CFCCBFE79C413F5E091D0F48761006F9044DAA59F76D68","2535","5/11/2026 2:10:36 PM"
"FinancialAccount.php","IDENTICAL","C:\Users\Future\chargeguard-woocommerce-backend\chargeguard-space\woocommerce-chargeguard\vendor\stripe-php\lib\Treasury\FinancialAccount.php","0D66CB797F8EB1B442B2187C38B0FFF142107FF338BA6DC8144B6E5F0CB15E90","4011","7/8/2026 8:44:21 PM"
"FinancialAccount.php","IDENTICAL","C:\Users\Future\chargeguard-woocommerce-backend\woocommerce-chargeguard\vendor\stripe-php\lib\Treasury\FinancialAccount.php","0D66CB797F8EB1B442B2187C38B0FFF142107FF338BA6DC8144B6E5F0CB15E90","4011","5/11/2026 2:10:36 PM"
"FinancialAccountFeatures.php","IDENTICAL","C:\Users\Future\chargeguard-woocommerce-backend\chargeguard-space\woocommerce-chargeguard\vendor\stripe-php\lib\Treasury\FinancialAccountFeatures.php","D24C605AF89386BBA1AC9BAD9AB67DF33CC795DC54E7CB3033C292CD13A287BC","1422","7/8/2026 8:44:21 PM"
"FinancialAccountFeatures.php","IDENTICAL","C:\Users\Future\chargeguard-woocommerce-backend\woocommerce-chargeguard\vendor\stripe-php\lib\Treasury\FinancialAccountFeatures.php","D24C605AF89386BBA1AC9BAD9AB67DF33CC795DC54E7CB3033C292CD13A287BC","1422","5/11/2026 2:10:36 PM"
"InboundTransfer.php","IDENTICAL","C:\Users\Future\chargeguard-woocommerce-backend\chargeguard-space\woocommerce-chargeguard\vendor\stripe-php\lib\Treasury\InboundTransfer.php","170FF9ECBF099D55E1FC2DF549CBC886A825BC424C8A6753BF3EEFC1444F70C8","4298","7/8/2026 8:44:21 PM"
"InboundTransfer.php","IDENTICAL","C:\Users\Future\chargeguard-woocommerce-backend\woocommerce-chargeguard\vendor\stripe-php\lib\Treasury\InboundTransfer.php","170FF9ECBF099D55E1FC2DF549CBC886A825BC424C8A6753BF3EEFC1444F70C8","4298","5/11/2026 2:10:36 PM"
"OutboundPayment.php","IDENTICAL","C:\Users\Future\chargeguard-woocommerce-backend\chargeguard-space\woocommerce-chargeguard\vendor\stripe-php\lib\Treasury\OutboundPayment.php","2A0E67CB976CC88BD3A06388E8E13534F7F8B0471EA06EF3851715B5023C6A72","4860","7/8/2026 8:44:21 PM"
"OutboundPayment.php","IDENTICAL","C:\Users\Future\chargeguard-woocommerce-backend\woocommerce-chargeguard\vendor\stripe-php\lib\Treasury\OutboundPayment.php","2A0E67CB976CC88BD3A06388E8E13534F7F8B0471EA06EF3851715B5023C6A72","4860","5/11/2026 2:10:36 PM"
"OutboundTransfer.php","IDENTICAL","C:\Users\Future\chargeguard-woocommerce-backend\chargeguard-space\woocommerce-chargeguard\vendor\stripe-php\lib\Treasury\OutboundTransfer.php","4227D5A49818EF916C76D4EC0E5A076D88B762B624D94AEC894A50B7F7EC56E3","4542","7/8/2026 8:44:21 PM"
"OutboundTransfer.php","IDENTICAL","C:\Users\Future\chargeguard-woocommerce-backend\woocommerce-chargeguard\vendor\stripe-php\lib\Treasury\OutboundTransfer.php","4227D5A49818EF916C76D4EC0E5A076D88B762B624D94AEC894A50B7F7EC56E3","4542","5/11/2026 2:10:36 PM"
"ReceivedCredit.php","IDENTICAL","C:\Users\Future\chargeguard-woocommerce-backend\chargeguard-space\woocommerce-chargeguard\vendor\stripe-php\lib\Treasury\ReceivedCredit.php","BB23158D35408B7056C785B830F96834321A9BA911209D01BD8D4D3DB11D6FF4","2947","7/8/2026 8:44:21 PM"
"ReceivedCredit.php","IDENTICAL","C:\Users\Future\chargeguard-woocommerce-backend\woocommerce-chargeguard\vendor\stripe-php\lib\Treasury\ReceivedCredit.php","BB23158D35408B7056C785B830F96834321A9BA911209D01BD8D4D3DB11D6FF4","2947","5/11/2026 2:10:36 PM"
"ReceivedDebit.php","IDENTICAL","C:\Users\Future\chargeguard-woocommerce-backend\chargeguard-space\woocommerce-chargeguard\vendor\stripe-php\lib\Treasury\ReceivedDebit.php","934E8F855E88D421FF3A398B0F7F0CEB8017D3563FBF376DFBB9E7694F488297","2929","7/8/2026 8:44:21 PM"
"ReceivedDebit.php","IDENTICAL","C:\Users\Future\chargeguard-woocommerce-backend\woocommerce-chargeguard\vendor\stripe-php\lib\Treasury\ReceivedDebit.php","934E8F855E88D421FF3A398B0F7F0CEB8017D3563FBF376DFBB9E7694F488297","2929","5/11/2026 2:10:36 PM"
"TransactionEntry.php","IDENTICAL","C:\Users\Future\chargeguard-woocommerce-backend\chargeguard-space\woocommerce-chargeguard\vendor\stripe-php\lib\Treasury\TransactionEntry.php","75464C5454F9747062F95024B4AB8FE9FF6D6E529AA8414A27FC5B2C847942D5","3688","7/8/2026 8:44:21 PM"
"TransactionEntry.php","IDENTICAL","C:\Users\Future\chargeguard-woocommerce-backend\woocommerce-chargeguard\vendor\stripe-php\lib\Treasury\TransactionEntry.php","75464C5454F9747062F95024B4AB8FE9FF6D6E529AA8414A27FC5B2C847942D5","3688","5/11/2026 2:10:36 PM"
"ApiVersion.php","IDENTICAL","C:\Users\Future\chargeguard-woocommerce-backend\chargeguard-space\woocommerce-chargeguard\vendor\stripe-php\lib\Util\ApiVersion.php","B4D45CDAC4D177D326B26EF3F38DF59C028A3728E2853E42AD4F838113123FAE","137","7/8/2026 8:44:21 PM"
"ApiVersion.php","IDENTICAL","C:\Users\Future\chargeguard-woocommerce-backend\woocommerce-chargeguard\vendor\stripe-php\lib\Util\ApiVersion.php","B4D45CDAC4D177D326B26EF3F38DF59C028A3728E2853E42AD4F838113123FAE","137","5/11/2026 2:10:36 PM"
"CaseInsensitiveArray.php","IDENTICAL","C:\Users\Future\chargeguard-woocommerce-backend\chargeguard-space\woocommerce-chargeguard\vendor\stripe-php\lib\Util\CaseInsensitiveArray.php","C6873F96A68B90ED12CA4BC7AB06F07175D4471CD38301AE72A9B19F0F54F93B","2344","7/8/2026 8:44:21 PM"
"CaseInsensitiveArray.php","IDENTICAL","C:\Users\Future\chargeguard-woocommerce-backend\woocommerce-chargeguard\vendor\stripe-php\lib\Util\CaseInsensitiveArray.php","C6873F96A68B90ED12CA4BC7AB06F07175D4471CD38301AE72A9B19F0F54F93B","2344","5/11/2026 2:10:36 PM"
"DefaultLogger.php","IDENTICAL","C:\Users\Future\chargeguard-woocommerce-backend\chargeguard-space\woocommerce-chargeguard\vendor\stripe-php\lib\Util\DefaultLogger.php","4B4A2D3845390C20AD93A21F7F0BBC3CD2C1B08049C42B994E7AFEF2E479EADA","822","7/8/2026 8:44:21 PM"
"DefaultLogger.php","IDENTICAL","C:\Users\Future\chargeguard-woocommerce-backend\woocommerce-chargeguard\vendor\stripe-php\lib\Util\DefaultLogger.php","4B4A2D3845390C20AD93A21F7F0BBC3CD2C1B08049C42B994E7AFEF2E479EADA","822","5/11/2026 2:10:36 PM"
"LoggerInterface.php","IDENTICAL","C:\Users\Future\chargeguard-woocommerce-backend\chargeguard-space\woocommerce-chargeguard\vendor\stripe-php\lib\Util\LoggerInterface.php","EB5CB37F97EA8D217BC32C4FAF1A14AFEFF6B8F4292EFF5D3F5D5D5C9C306820","1158","7/8/2026 8:44:21 PM"
"LoggerInterface.php","IDENTICAL","C:\Users\Future\chargeguard-woocommerce-backend\woocommerce-chargeguard\vendor\stripe-php\lib\Util\LoggerInterface.php","EB5CB37F97EA8D217BC32C4FAF1A14AFEFF6B8F4292EFF5D3F5D5D5C9C306820","1158","5/11/2026 2:10:36 PM"
"ObjectTypes.php","IDENTICAL","C:\Users\Future\chargeguard-woocommerce-backend\chargeguard-space\woocommerce-chargeguard\vendor\stripe-php\lib\Util\ObjectTypes.php","DC363FD03028110F124C8EF9C24408D922F09A1AB1566BB506F2505F66116E41","12129","7/8/2026 8:44:21 PM"
"ObjectTypes.php","IDENTICAL","C:\Users\Future\chargeguard-woocommerce-backend\woocommerce-chargeguard\vendor\stripe-php\lib\Util\ObjectTypes.php","DC363FD03028110F124C8EF9C24408D922F09A1AB1566BB506F2505F66116E41","12129","5/11/2026 2:10:36 PM"
"RandomGenerator.php","IDENTICAL","C:\Users\Future\chargeguard-woocommerce-backend\chargeguard-space\woocommerce-chargeguard\vendor\stripe-php\lib\Util\RandomGenerator.php","FC5F993D475112E1DF80BA2DE7C891B31FB9BC945B3513C6FF612FA2600A0F04","850","7/8/2026 8:44:21 PM"
"RandomGenerator.php","IDENTICAL","C:\Users\Future\chargeguard-woocommerce-backend\woocommerce-chargeguard\vendor\stripe-php\lib\Util\RandomGenerator.php","FC5F993D475112E1DF80BA2DE7C891B31FB9BC945B3513C6FF612FA2600A0F04","850","5/11/2026 2:10:36 PM"
"RequestOptions.php","IDENTICAL","C:\Users\Future\chargeguard-woocommerce-backend\chargeguard-space\woocommerce-chargeguard\vendor\stripe-php\lib\Util\RequestOptions.php","8F437B6A6BADD71560DB26F1D4854EC6E9AB8CC76AA1D28F2782FC59CB7784F6","5820","7/8/2026 8:44:21 PM"
"RequestOptions.php","IDENTICAL","C:\Users\Future\chargeguard-woocommerce-backend\woocommerce-chargeguard\vendor\stripe-php\lib\Util\RequestOptions.php","8F437B6A6BADD71560DB26F1D4854EC6E9AB8CC76AA1D28F2782FC59CB7784F6","5820","5/11/2026 2:10:36 PM"
"Set.php","IDENTICAL","C:\Users\Future\chargeguard-woocommerce-backend\chargeguard-space\woocommerce-chargeguard\vendor\stripe-php\lib\Util\Set.php","EC9D829B5ABE14D679DC74D3A49245ED847BA1B26F3762CBDB56C233D23581C9","868","7/8/2026 8:44:21 PM"
"Set.php","IDENTICAL","C:\Users\Future\chargeguard-woocommerce-backend\woocommerce-chargeguard\vendor\stripe-php\lib\Util\Set.php","EC9D829B5ABE14D679DC74D3A49245ED847BA1B26F3762CBDB56C233D23581C9","868","5/11/2026 2:10:36 PM"
"Util.php","IDENTICAL","C:\Users\Future\chargeguard-woocommerce-backend\chargeguard-space\woocommerce-chargeguard\vendor\stripe-php\lib\Util\Util.php","2D1235043EE32475D8CE830E794E3F3F1B8B83CE8A1B5229C0AB1EAF8A3640A5","7902","7/8/2026 8:44:21 PM"
"Util.php","IDENTICAL","C:\Users\Future\chargeguard-woocommerce-backend\woocommerce-chargeguard\vendor\stripe-php\lib\Util\Util.php","2D1235043EE32475D8CE830E794E3F3F1B8B83CE8A1B5229C0AB1EAF8A3640A5","7902","5/11/2026 2:10:36 PM"
"extractOrderData.test.js","IDENTICAL","C:\Users\Future\chargeguard-woocommerce-backend\chargeguard-space\__tests__\extractOrderData.test.js","C6A1DF62C83EF7E4659774B08BBCA61B954219172623E128C7C033BBFFA5468A","861","7/8/2026 8:44:21 PM"
"extractOrderData.test.js","IDENTICAL","C:\Users\Future\chargeguard-woocommerce-backend\__tests__\extractOrderData.test.js","C6A1DF62C83EF7E4659774B08BBCA61B954219172623E128C7C033BBFFA5468A","861","5/11/2026 2:08:29 PM"
